ID_CLIENTE,PORCENTAGEM_INADIMPLENCIA_HIST,DDD,FLAG_PF,SEGMENTO_INDUSTRIAL,DOMINIO_EMAIL,PORTE,CEP_2_DIG,DDD_1,DATA_CADASTRO
1661240395903230676,8.411214953271028,99,PJ,Serviços,YAHOO,PEQUENO,65,9,2013-08-22
8274986328479596038,28.57142857142857,31,PJ,Comércio,YAHOO,MEDIO,77,3,2017-01-25
345447888460137901,9.523809523809524,75,PJ,Serviços,HOTMAIL,PEQUENO,48,7,2000-08-15
1003144834589372198,0.0,49,PJ,Serviços,OUTLOOK,PEQUENO,89,4,2017-08-06
324916756972236008,3.7037037037037033,88,PJ,Serviços,GMAIL,GRANDE,62,8,2011-02-14
4679462479444735708,0.7751937984496124,18,PJ,Indústria,HOTMAIL,GRANDE,19,1,2000-08-15
1276604410881911401,5.908096280087528,67,PJ,Indústria,YAHOO,PEQUENO,38,6,2000-08-15
8123515208041701633,10.4,21,PJ,Serviços,GMAIL,PEQUENO,26,2,2011-02-14
4530631557358349711,0.8333333333333334,11,PJ,Serviços,HOTMAIL,PEQUENO,55,1,2000-08-15
3668905663669864663,0.0,44,PJ,Comércio,BOL,GRANDE,87,4,2011-02-14
3118152790263512426,1.0752688172043012,21,PJ,,OUTLOOK,MEDIO,22,2,2000-08-15
1366416810235233769,0.0,19,PJ,Comércio,YAHOO,GRANDE,13,1,2000-08-15
4395946187332973749,0.0,14,PJ,Serviços,GMAIL,MEDIO,18,1,2000-08-15
1299146298565441811,6.0606060606060606,21,PJ,Serviços,HOTMAIL,MEDIO,21,2,2000-08-15
6795467882769787169,0.0,11,PJ,Serviços,HOTMAIL,PEQUENO,98,1,2014-06-23
8724731934863284019,2.013422818791946,85,PJ,Serviços,HOTMAIL,PEQUENO,60,8,2000-08-15
314309872114206760,6.41025641025641,41,PJ,,YAHOO,GRANDE,82,4,2011-02-14
2250817603281429928,0.0,51,PJ,Comércio,YAHOO,GRANDE,92,5,2001-05-31
5301988619224057921,61.33333333333333,67,PJ,Indústria,GMAIL,,79,6,2016-02-24
3248432590399829766,0.0,12,PJ,Comércio,YAHOO,MEDIO,12,1,2000-08-15
4095739077267179172,13.846153846153847,21,PJ,Comércio,YAHOO,PEQUENO,27,2,2011-02-14
2092588065958607289,0.3558718861209964,62,PJ,Comércio,YAHOO,GRANDE,76,6,2006-07-18
1078687383992817574,27.729257641921397,43,PJ,Indústria,OUTLOOK,GRANDE,67,4,2000-08-15
4717593620120611957,0.0,0,PJ,Comércio,YAHOO,GRANDE,72,0,2016-08-14
7970976988071755401,3.5502958579881656,91,PJ,Comércio,YAHOO,GRANDE,68,9,2006-09-11
1683619849073499603,0.8333333333333334,19,PJ,Comércio,AOL,GRANDE,13,1,2000-08-15
8784237149961904,0.423728813559322,11,PJ,Comércio,HOTMAIL,PEQUENO,27,1,2011-02-14
6926309382371178621,0.0,12,PJ,Serviços,HOTMAIL,GRANDE,11,1,2012-05-29
5753677550753111444,0.0,42,PJ,Serviços,,GRANDE,84,4,2014-03-02
4524147234488547993,1.5873015873015872,61,PJ,Comércio,HOTMAIL,GRANDE,70,6,2017-03-09
4347826483121154490,0.0,33,PJ,Indústria,YAHOO,MEDIO,38,3,2000-08-15
6100972975033180377,0.0,41,PJ,Comércio,YAHOO,GRANDE,83,4,2015-11-23
4334472256949955221,1.2658227848101267,48,PJ,Serviços,YAHOO,GRANDE,88,4,2012-03-11
2619109825960703851,4.678362573099415,19,PJ,Serviços,HOTMAIL,GRANDE,13,1,2003-06-03
2397171153213063761,1.146131805157593,62,PJ,Indústria,YAHOO,MEDIO,75,6,2016-11-29
683445437387317282,0.0,33,PJ,Indústria,YAHOO,GRANDE,36,3,2011-02-14
192916471960784723,0.0,0,PJ,Comércio,,PEQUENO,27,0,2017-08-09
2634859679238614382,1.1173184357541899,11,PJ,Comércio,YAHOO,GRANDE,22,1,2000-08-15
940214356651040716,14.285714285714285,75,PJ,Indústria,GMAIL,GRANDE,45,7,2013-07-29
1192891347324061812,0.91324200913242,11,PJ,Serviços,HOTMAIL,MEDIO,37,1,2000-08-15
8901696535927078963,1.8018018018018018,71,PJ,Serviços,GMAIL,GRANDE,44,7,2011-02-14
3022528659032597047,2.4,18,PJ,Serviços,AOL,MEDIO,16,1,2011-02-14
7810315632865163836,0.0,91,PJ,Indústria,YAHOO,MEDIO,68,9,2015-11-25
6964108750473070287,4.573438874230431,71,PJ,Comércio,YAHOO,MEDIO,42,7,2000-08-15
7818340804682162328,3.389830508474576,21,PJ,,HOTMAIL,MEDIO,26,2,2011-02-14
7671566034617837932,0.0,65,PJ,Serviços,YAHOO,GRANDE,78,6,2011-02-14
3192341047315717823,19.090909090909093,31,PJ,Serviços,HOTMAIL,MEDIO,31,3,2002-01-24
8729164666041467296,0.0,71,PJ,Serviços,GMAIL,,41,7,2014-03-13
2645324649046215594,2.4390243902439024,38,PJ,Serviços,YAHOO,MEDIO,35,3,2011-02-14
382095722273502031,13.953488372093023,11,PJ,Indústria,YAHOO,PEQUENO,51,1,2011-02-14
4795152981525833467,0.5988023952095809,24,PJ,Comércio,YAHOO,GRANDE,27,2,2011-02-14
2025898153078562640,0.0,0,PJ,Serviços,GMAIL,PEQUENO,36,3,2007-06-17
2451708306555441014,0.9090909090909091,41,PJ,Comércio,YAHOO,MEDIO,83,4,2000-08-15
4465150716052427320,1.5873015873015872,31,PJ,Comércio,HOTMAIL,GRANDE,30,3,2011-02-15
2088532321693492263,6.493506493506493,31,PJ,Serviços,GMAIL,MEDIO,35,3,2012-08-27
2530707686830644666,1.1764705882352942,19,PJ,Serviços,HOTMAIL,GRANDE,13,1,2011-02-14
459290606780222306,0.0,43,PJ,Comércio,YAHOO,PEQUENO,86,4,2014-08-14
4061297388883391410,0.0,47,PJ,Serviços,YAHOO,GRANDE,89,4,2012-03-11
8961924617442201922,0.0,11,PJ,Serviços,GMAIL,MEDIO,25,1,2011-02-14
4661684997487171886,1.7241379310344827,28,PJ,Indústria,YAHOO,GRANDE,29,2,2015-03-02
1104269683367198574,0.0,31,PJ,Serviços,AOL,PEQUENO,35,3,2000-08-15
5761480994209806499,0.4789272030651341,0,PJ,Comércio,YAHOO,,35,0,2015-12-29
4556737702757145073,0.0,11,PJ,Serviços,GMAIL,PEQUENO,55,1,2011-02-14
1368430815953333691,16.666666666666664,41,PJ,Indústria,YAHOO,GRANDE,83,4,2015-09-14
8915958534285799867,50.0,11,PJ,Comércio,AOL,GRANDE,68,1,2005-11-24
835441927760881602,20.909090909090907,65,PJ,Comércio,HOTMAIL,GRANDE,78,6,2014-08-07
3218792504195936313,8.108108108108109,0,PJ,Serviços,HOTMAIL,MEDIO,21,2,2000-08-15
5477900120643078645,11.818181818181818,81,PJ,Comércio,YAHOO,PEQUENO,55,8,2012-12-13
3095686599956852697,1.3793103448275863,41,PJ,Comércio,BOL,MEDIO,83,4,2015-12-08
8348574220426911086,7.368421052631578,11,PJ,Comércio,AOL,PEQUENO,13,1,2011-02-14
1357573192598249600,2.5,19,PJ,Comércio,YAHOO,MEDIO,13,1,2011-02-14
5522764880180045081,1.834862385321101,28,PJ,Indústria,BOL,MEDIO,29,2,2011-02-14
4043546053926060305,35.67251461988304,14,PJ,Indústria,GMAIL,MEDIO,17,1,2007-02-05
8512214463586144353,0.6666666666666667,35,PJ,Serviços,OUTLOOK,PEQUENO,37,3,2011-02-14
837142477962609471,0.0,41,PJ,Serviços,GMAIL,MEDIO,83,4,2011-12-22
410843023337872279,1.5873015873015872,13,PJ,Comércio,HOTMAIL,MEDIO,11,1,2011-02-14
8646472172649019955,24.150943396226417,99,PJ,Serviços,HOTMAIL,MEDIO,65,9,2000-08-15
4414438591613884911,3.614457831325301,31,PJ,Comércio,YAHOO,GRANDE,35,3,2011-02-14
692350198401528327,0.0,86,PJ,Comércio,HOTMAIL,GRANDE,65,8,2016-10-30
4569866309119931805,1.7543859649122806,21,PJ,Serviços,YAHOO,GRANDE,23,2,2008-06-03
5999145415800242177,2.1052631578947367,19,PJ,Serviços,YAHOO,GRANDE,13,1,2011-02-14
7930925883736021864,2.086956521739131,0,PJ,Serviços,YAHOO,GRANDE,84,0,2014-03-02
2678966409665050034,0.0,21,PJ,Serviços,AOL,MEDIO,20,2,2011-02-14
4593070249039532001,0.6451612903225806,11,PJ,Comércio,GMAIL,PEQUENO,93,1,2000-08-15
7910340581026492945,0.0,0,PJ,Comércio,YAHOO,GRANDE,64,0,2000-08-15
5503391736465275980,0.0,91,PJ,Serviços,HOTMAIL,PEQUENO,77,9,2007-07-31
6828316696355015040,0.0,14,PJ,Comércio,GMAIL,PEQUENO,17,1,2009-08-18
5854364934896993687,0.0,81,PJ,Serviços,YAHOO,PEQUENO,55,8,2014-07-22
7485107528960607346,9.615384615384617,0,PJ,Comércio,YAHOO,GRANDE,12,0,2010-08-04
510795635145114083,1.7777777777777777,94,PJ,Comércio,HOTMAIL,PEQUENO,68,9,2009-03-30
6784879562354696650,16.05839416058394,45,PJ,,YAHOO,MEDIO,85,4,2000-08-15
984915269987074754,0.0,17,PJ,Serviços,,GRANDE,15,1,2011-02-14
499242942549937267,17.133956386292834,16,PJ,Serviços,AOL,GRANDE,14,1,2007-10-17
3829967475074118757,38.0,0,PJ,Serviços,YAHOO,GRANDE,48,0,2007-03-19
252206310123393284,19.607843137254903,55,PJ,Serviços,YAHOO,PEQUENO,98,5,2013-10-21
4817816966382229074,0.0,47,PJ,Indústria,GMAIL,MEDIO,89,4,2012-03-11
6545052034269841737,0.49504950495049505,64,PJ,Indústria,YAHOO,MEDIO,75,6,2016-10-04
107343823625119033,0.8333333333333334,11,PJ,Indústria,YAHOO,PEQUENO,99,1,2000-08-15
3279078057358159966,6.944444444444445,11,PJ,Serviços,GMAIL,PEQUENO,80,1,2015-04-01
5225029212547588718,1.4388489208633095,19,PJ,Comércio,YAHOO,MEDIO,13,1,2000-08-15
5371387005775513675,11.214953271028037,35,PJ,Serviços,YAHOO,GRANDE,37,3,2014-02-06
7347715771145302549,0.0,11,PJ,Comércio,YAHOO,MEDIO,92,1,2012-03-11
93982185886107798,2.127659574468085,88,PJ,Comércio,YAHOO,GRANDE,62,8,2011-07-13
6969348581033924947,0.3597122302158274,48,PJ,Indústria,OUTLOOK,GRANDE,88,4,2009-08-02
7367321179169390502,47.93388429752066,35,PJ,Comércio,YAHOO,MEDIO,37,3,2015-11-24
7031913170099381454,41.30434782608695,71,PJ,Serviços,HOTMAIL,,48,7,2011-02-14
7908414709866823255,0.8064516129032258,69,PJ,Indústria,GMAIL,PEQUENO,76,6,2012-12-06
649279100559994713,44.44444444444444,64,PJ,Serviços,,MEDIO,75,6,2011-05-16
5897410907783139228,0.0,32,PJ,Comércio,GMAIL,GRANDE,36,3,2011-02-14
8229446069655666941,50.0,18,PJ,Comércio,HOTMAIL,,16,1,2011-02-14
8716163053080758848,0.7751937984496124,48,PJ,Indústria,YAHOO,GRANDE,88,4,2017-02-21
3218226066162129945,16.19718309859155,0,PJ,Indústria,HOTMAIL,PEQUENO,55,0,2015-06-23
1536087798470875922,7.9470198675496695,85,PJ,Indústria,GMAIL,PEQUENO,60,8,2018-03-20
5860276371789140450,7.547169811320755,91,PJ,Serviços,HOTMAIL,GRANDE,67,9,2011-02-15
665505091521986356,0.0,11,PJ,Serviços,GMAIL,MEDIO,12,1,2011-05-16
851897122328714307,0.0,21,PJ,Comércio,YAHOO,MEDIO,24,2,2011-02-14
6759864637454708017,1.0344827586206897,0,PJ,Serviços,GMAIL,GRANDE,68,6,2000-08-15
465309249432033993,0.0,69,PJ,Comércio,GMAIL,GRANDE,76,6,2014-07-23
824632039241482307,0.0,99,PJ,Serviços,YAHOO,MEDIO,65,9,2011-05-19
3480297543931395935,20.408163265306122,48,PJ,Serviços,YAHOO,PEQUENO,88,4,2018-03-21
8015571584405428572,9.58904109589041,43,PJ,Serviços,GMAIL,MEDIO,86,4,2014-02-06
5409960473983330744,19.480519480519483,0,PJ,Serviços,YAHOO,MEDIO,61,0,2011-02-14
4071158585850879204,1.7094017094017095,18,PJ,Indústria,HOTMAIL,GRANDE,17,1,2000-08-15
6985631100944640910,18.421052631578945,27,PJ,Comércio,BOL,GRANDE,29,2,2011-02-14
1292049196559782171,3.187250996015936,66,PJ,Serviços,HOTMAIL,MEDIO,78,6,2013-05-05
4635578010631860111,0.0,41,PJ,Comércio,GMAIL,GRANDE,83,4,2012-03-26
7595945751692012281,0.0,51,PJ,Indústria,HOTMAIL,MEDIO,90,5,2011-02-14
1958660709350677213,7.317073170731707,62,PJ,Indústria,GMAIL,MEDIO,75,6,2016-11-22
1454789421854453615,5.4945054945054945,24,PJ,Serviços,GMAIL,PEQUENO,23,2,2006-12-18
4614484019183480654,1.8181818181818181,51,PJ,Indústria,YAHOO,MEDIO,93,5,2011-02-14
7541360189313243820,31.907894736842106,27,PJ,Serviços,BOL,MEDIO,35,2,2017-09-20
6582676833651678345,0.0,13,PJ,Comércio,OUTLOOK,MEDIO,11,1,2011-02-14
4089244710305890246,0.0,71,PJ,Comércio,AOL,GRANDE,41,7,2006-08-01
2012477868296377155,0.0,17,PJ,Indústria,HOTMAIL,MEDIO,15,1,2011-02-14
3713742318997880410,0.0,16,PJ,Comércio,HOTMAIL,PEQUENO,14,1,2000-08-15
4008627434689715639,34.84320557491289,12,PJ,Serviços,HOTMAIL,PEQUENO,12,1,2000-08-15
4335865859049992260,0.0,31,PJ,Serviços,HOTMAIL,MEDIO,30,3,2000-08-15
7816319470107777265,4.395604395604396,21,PJ,Comércio,YAHOO,MEDIO,21,2,2000-08-15
6238903426443761049,1.5384615384615385,85,PJ,Serviços,GMAIL,MEDIO,60,8,2016-08-07
2943087245123311166,2.73972602739726,69,PJ,Comércio,HOTMAIL,PEQUENO,76,6,2014-03-31
5726178124659661019,0.273972602739726,63,PJ,Indústria,GMAIL,MEDIO,68,6,2015-08-16
7770458886439606839,4.0,62,PJ,Serviços,GMAIL,GRANDE,75,6,2017-08-03
1343849459953365123,0.0,14,PJ,Serviços,GMAIL,PEQUENO,16,1,2016-10-18
5611787644735474299,0.0,0,PJ,Serviços,HOTMAIL,MEDIO,83,0,2000-08-15
5574997762710520717,0.0,27,PJ,,GMAIL,GRANDE,29,2,2011-05-16
8409181491723988567,0.9345794392523363,24,PJ,Indústria,YAHOO,MEDIO,26,2,2000-08-15
312543480920432545,0.0,46,PJ,Comércio,GMAIL,PEQUENO,85,4,2011-02-14
1210783884008131648,0.0,0,PJ,Serviços,YAHOO,MEDIO,13,1,2000-08-15
8828303152301461681,2.631578947368421,32,PJ,Serviços,GMAIL,GRANDE,36,3,2000-08-15
662944582644865942,3.8461538461538463,81,PJ,Comércio,YAHOO,GRANDE,50,8,2000-08-15
7289435138601868544,1.8018018018018018,11,PJ,Serviços,GMAIL,GRANDE,99,1,2014-07-20
7325545718770538459,0.0,11,PJ,Comércio,AOL,GRANDE,87,1,2011-02-15
2658946240987854807,0.0,62,PJ,Serviços,BOL,GRANDE,75,6,2009-03-30
3118683330911759410,29.78723404255319,85,PJ,Serviços,HOTMAIL,PEQUENO,61,8,2011-02-14
1036256411320325774,5.314009661835748,21,PJ,Serviços,YAHOO,PEQUENO,20,2,2000-08-15
417157680860985231,0.0,54,PJ,Comércio,GMAIL,MEDIO,96,5,2000-08-15
8041261093764417881,0.0,14,PJ,Comércio,HOTMAIL,GRANDE,18,1,2011-02-14
5591489215787777256,3.1746031746031744,55,PJ,Serviços,AOL,GRANDE,97,5,2011-02-14
8398000036517692656,23.728813559322035,77,PJ,Serviços,HOTMAIL,GRANDE,45,7,2013-06-16
234898976850399181,2.857142857142857,19,PJ,Comércio,HOTMAIL,MEDIO,13,1,2011-05-16
7231408738455755015,71.7557251908397,17,PJ,Serviços,HOTMAIL,,14,1,2006-07-26
4972567100282306577,4.838709677419355,11,PJ,Serviços,YAHOO,MEDIO,57,1,2006-07-09
2508429106201166689,0.0,77,PJ,Serviços,GMAIL,GRANDE,45,7,2014-06-02
2455576782104041698,3.0303030303030303,11,PJ,Comércio,HOTMAIL,GRANDE,46,1,2000-08-15
361555714683085449,22.22222222222222,11,PJ,Comércio,GMAIL,GRANDE,99,1,2009-06-11
2290083177086946553,0.7194244604316548,31,PJ,Comércio,AOL,PEQUENO,31,3,2014-09-18
8195468623809753777,0.9708737864077669,11,PJ,Serviços,HOTMAIL,MEDIO,98,1,2000-08-15
6941381638534728190,0.0,74,PJ,Serviços,HOTMAIL,MEDIO,44,7,2017-05-22
6330043096034525408,17.741935483870968,77,PJ,Serviços,HOTMAIL,PEQUENO,47,7,2015-07-21
3355881107559250653,0.2004008016032064,31,PJ,Comércio,HOTMAIL,GRANDE,32,3,2011-02-14
7395696797140470088,0.0,37,PJ,Indústria,,PEQUENO,37,3,2000-08-15
3275327267689584006,39.58333333333333,94,PJ,Indústria,HOTMAIL,MEDIO,68,9,2016-01-31
4571290108043699959,0.0,0,PJ,Comércio,GMAIL,GRANDE,15,0,2000-08-15
4724876423989598202,0.7380073800738007,34,PJ,Indústria,GMAIL,MEDIO,38,3,2011-02-14
2347028805684088098,0.0,54,PJ,Comércio,YAHOO,GRANDE,95,5,2000-08-15
7637066986811047950,0.0,81,PJ,Indústria,HOTMAIL,GRANDE,54,8,2014-09-16
7167988599372526790,3.3333333333333335,21,PJ,Indústria,YAHOO,MEDIO,24,2,2017-07-02
9206030810342980458,2.0,11,PJ,Serviços,HOTMAIL,MEDIO,91,1,2005-08-08
7963861799566207637,0.0,54,PJ,Indústria,GMAIL,PEQUENO,95,5,2000-08-15
5602023133976834072,0.0,53,PJ,Indústria,YAHOO,GRANDE,56,5,2000-08-15
3742264304742819339,0.0,86,PJ,Comércio,HOTMAIL,MEDIO,64,8,2016-01-11
170089315547146305,3.0864197530864197,18,PJ,Serviços,HOTMAIL,GRANDE,19,1,2000-08-15
968199235777440720,0.0,67,PJ,Serviços,YAHOO,MEDIO,79,6,2011-02-15
4202876623878743806,6.153846153846154,11,PJ,Serviços,YAHOO,GRANDE,13,1,2009-04-28
7457803471605010846,1.3333333333333335,56,PJ,Serviços,GMAIL,GRANDE,93,5,2000-08-15
968400235888951633,0.0,0,PJ,Comércio,YAHOO,PEQUENO,95,0,2014-02-02
7571271990906543121,2.0,0,PJ,Serviços,AOL,MEDIO,18,0,2011-02-15
7177785309735471560,0.0,46,PJ,Serviços,GMAIL,MEDIO,85,4,2014-02-02
3472934456083131714,1.25,16,PJ,Indústria,YAHOO,GRANDE,14,1,2011-02-14
1118514612547157551,47.13375796178344,65,PJ,Serviços,YAHOO,PEQUENO,78,6,2013-10-31
5888474320320735000,75.34246575342466,95,PJ,Indústria,GMAIL,GRANDE,65,9,2014-12-22
5606267905834401873,0.9523809523809524,54,PJ,Indústria,YAHOO,MEDIO,99,5,2012-10-01
2763141362035716801,4.0,11,PJ,Comércio,GMAIL,PEQUENO,38,1,2011-02-14
6617479989097680138,6.557377049180328,41,PJ,Comércio,GMAIL,MEDIO,80,4,2006-08-06
2382123267535341265,0.0,22,PJ,Serviços,GMAIL,MEDIO,28,2,2011-02-14
4935929591787890253,1.0,11,PJ,Serviços,HOTMAIL,GRANDE,71,1,2011-02-14
6227190030200106151,0.0,73,PJ,Serviços,GMAIL,MEDIO,45,7,2011-02-14
3095408468798675621,0.0,17,PJ,Serviços,GMAIL,MEDIO,15,1,2015-08-09
5271591321704178730,0.0,34,PJ,Serviços,YAHOO,MEDIO,38,3,2014-10-21
5763886458177210090,0.0,77,PJ,Serviços,YAHOO,GRANDE,45,7,2016-12-11
5791518044186095039,0.0,0,PJ,Serviços,HOTMAIL,PEQUENO,68,9,2000-08-15
2677901391425651891,0.0,19,PJ,Serviços,GMAIL,MEDIO,13,1,2000-08-15
1778014915038250584,33.87096774193548,27,PJ,Comércio,OUTLOOK,PEQUENO,29,2,2008-12-09
6198047969028248384,0.0,66,PJ,Indústria,YAHOO,GRANDE,78,6,2016-02-23
2467590416042313927,0.0,11,PJ,Indústria,YAHOO,PEQUENO,12,1,2000-08-15
1616952665234409442,5.154639175257731,0,PJ,Comércio,YAHOO,GRANDE,28,0,2011-12-04
6950439982480713649,31.57894736842105,35,PJ,Comércio,GMAIL,PEQUENO,37,3,2011-02-14
5462970244186515758,0.0,43,PJ,Comércio,HOTMAIL,MEDIO,86,4,2011-02-14
5465001651966355821,3.75,61,PJ,Indústria,GMAIL,MEDIO,72,6,2000-08-15
5042877476420217533,0.0,41,PJ,Serviços,YAHOO,GRANDE,83,4,2012-03-26
2554972344348383830,0.0,48,PJ,Serviços,GMAIL,GRANDE,88,4,2018-03-28
6337915293429442229,11.475409836065573,13,PJ,Comércio,HOTMAIL,GRANDE,11,1,2013-11-26
180672270337706285,42.27642276422765,31,PJ,Serviços,GMAIL,PEQUENO,33,3,2004-06-01
7590999900861381526,0.0,85,PJ,Comércio,HOTMAIL,MEDIO,62,8,2015-03-19
4183921942053157552,5.0,0,PJ,Serviços,YAHOO,MEDIO,29,0,2011-02-14
6916556752218696485,2.0569620253164556,31,PJ,Serviços,OUTLOOK,GRANDE,32,3,2008-09-11
3093415403379897112,0.0,16,PJ,Serviços,AOL,MEDIO,14,1,2011-02-14
6643358471662528195,0.0,54,PJ,Serviços,GMAIL,GRANDE,95,5,2014-02-02
1551531256789550891,0.0,13,PJ,Serviços,YAHOO,GRANDE,11,1,2011-02-14
5303720405946805990,0.0,46,PJ,Comércio,YAHOO,GRANDE,85,4,2011-02-14
6817075905797098547,2.4691358024691357,18,PJ,,AOL,GRANDE,16,1,2007-05-02
2083323809219952960,0.0,16,PJ,Indústria,GMAIL,MEDIO,14,1,2000-08-15
4995217181024687397,0.0,17,PJ,Serviços,HOTMAIL,GRANDE,15,1,2000-08-15
3386019519917828299,0.0,27,PJ,Indústria,HOTMAIL,MEDIO,29,2,2013-04-17
2201150681962815877,4.545454545454546,43,PJ,Indústria,YAHOO,GRANDE,86,4,2011-02-15
7810985951121711480,1.7241379310344827,11,PJ,,AOL,MEDIO,33,1,2011-02-14
5864443060004179363,0.8438818565400843,11,PJ,Serviços,GMAIL,GRANDE,98,1,2000-08-15
2768068015169423097,2.666666666666667,11,PJ,Serviços,YAHOO,GRANDE,80,1,2012-05-08
5369576709077493659,11.711711711711711,12,PJ,Indústria,GMAIL,GRANDE,12,1,2000-08-15
1953058402621337677,0.0,65,PJ,Indústria,GMAIL,PEQUENO,78,6,2017-11-26
2951563549197799278,1.639344262295082,11,PJ,Comércio,AOL,PEQUENO,13,1,2000-08-15
8826489829259520138,0.0,11,PJ,Comércio,GMAIL,MEDIO,93,1,2011-02-14
5082813456193598086,0.0,16,PJ,Comércio,GMAIL,GRANDE,14,1,2012-05-21
8684964138237894839,0.0,21,PJ,Indústria,YAHOO,GRANDE,25,2,2016-03-09
5440313607363845188,0.0,11,PJ,Serviços,GMAIL,GRANDE,96,1,2000-08-15
274692171162531764,2.6548672566371683,19,PJ,Serviços,GMAIL,PEQUENO,13,1,2005-08-03
761746217261797478,0.0,17,PJ,Serviços,YAHOO,GRANDE,15,1,2014-11-03
1088521227159442264,1.8779342723004695,0,PJ,Serviços,YAHOO,PEQUENO,89,4,2000-08-15
792560389712312178,1.2269938650306749,11,PJ,Comércio,HOTMAIL,GRANDE,97,1,2000-08-15
6030285068945261052,0.0,52,PJ,Comércio,AOL,MEDIO,58,5,2000-08-15
660382477567765256,2.803738317757009,11,PJ,Indústria,YAHOO,MEDIO,90,1,2011-02-14
6284433051333854194,0.0,11,PJ,Comércio,YAHOO,GRANDE,12,1,2017-03-09
3285246914299291124,0.25125628140703515,43,PJ,Serviços,HOTMAIL,MEDIO,86,4,2011-02-14
2119292203323657032,0.8264462809917356,47,PJ,Serviços,GMAIL,PEQUENO,89,4,2012-03-11
903093877129717133,0.0,11,PJ,Serviços,HOTMAIL,GRANDE,44,1,2000-08-15
7664272163315705419,2.197802197802198,19,PJ,Serviços,HOTMAIL,MEDIO,13,1,2011-02-14
5434353421615275749,3.4482758620689653,11,PJ,Indústria,GMAIL,GRANDE,76,1,2011-02-14
7750874287225529604,8.208955223880597,11,PJ,Serviços,GMAIL,PEQUENO,31,1,2011-02-14
1998941557906036376,2.857142857142857,12,PJ,Comércio,GMAIL,GRANDE,12,1,2011-02-14
5432443358006556295,1.6528925619834711,19,PJ,Serviços,GMAIL,MEDIO,13,1,2006-01-09
3036967290595689189,0.0,11,PJ,Indústria,AOL,GRANDE,34,1,2000-08-15
3137879241768961145,0.0,87,PJ,Comércio,AOL,GRANDE,56,8,2015-04-26
5048392903148444335,18.69158878504673,81,PJ,Indústria,YAHOO,GRANDE,55,8,2011-05-23
7751080728852739823,0.3508771929824561,18,PJ,Comércio,HOTMAIL,PEQUENO,16,1,2000-08-15
5108407319813072955,1.8018018018018018,11,PJ,Comércio,BOL,GRANDE,47,1,2000-08-15
8505870778358741102,0.7874015748031495,98,PJ,Serviços,GMAIL,GRANDE,65,9,2011-02-14
257162352336759783,0.0,12,PJ,Serviços,YAHOO,GRANDE,12,1,2011-02-14
6532139198609901627,0.0,73,PJ,Serviços,GMAIL,GRANDE,45,7,2011-02-14
7492389223353246125,4.705882352941177,71,PJ,Comércio,YAHOO,GRANDE,56,7,2000-08-15
1553628056929342565,3.597122302158273,0,PJ,Comércio,YAHOO,MEDIO,59,8,2009-09-29
7720744580848517371,50.0,92,PJ,Serviços,HOTMAIL,MEDIO,69,9,2017-12-10
6927178425683104769,1.6,41,PJ,Serviços,AOL,MEDIO,82,4,2000-08-15
39547025441582855,1.5151515151515151,77,PJ,Serviços,GMAIL,PEQUENO,47,7,2015-02-12
8643106054593378360,0.0,11,PJ,Serviços,YAHOO,MEDIO,71,1,2015-11-05
7120090169052575663,0.0,86,PJ,Serviços,GMAIL,GRANDE,64,8,2000-08-15
963687627963462983,0.0,47,PJ,Comércio,BOL,MEDIO,89,4,2012-03-11
2335982750277990437,14.285714285714285,61,PJ,Serviços,AOL,GRANDE,30,6,2007-06-10
5687511145009775604,30.681818181818183,98,PJ,Serviços,YAHOO,MEDIO,65,9,2014-12-02
4489904752023469353,9.090909090909092,19,PJ,Indústria,GMAIL,GRANDE,13,1,2000-08-15
8939476669690489534,2.1164021164021163,31,PJ,Comércio,HOTMAIL,PEQUENO,35,3,2009-11-22
8785648114090695180,0.0,21,PJ,Serviços,HOTMAIL,MEDIO,25,2,2013-07-09
5067621068959932809,22.432432432432435,33,PJ,Serviços,HOTMAIL,GRANDE,35,3,2011-02-14
5503073374822479037,4.716981132075472,37,PJ,Indústria,GMAIL,MEDIO,21,3,2000-08-15
7920896580423665241,1.6,24,PJ,Serviços,HOTMAIL,MEDIO,27,2,2011-02-14
8874257794774679816,0.5747126436781609,41,PJ,Comércio,GMAIL,MEDIO,89,4,2012-04-26
3698481516392183789,0.0,44,PJ,Indústria,GMAIL,MEDIO,87,4,2011-02-14
8400764778654490278,2.5,41,PJ,Comércio,GMAIL,MEDIO,80,4,2016-08-11
7895753719321668294,0.0,73,PJ,Serviços,HOTMAIL,GRANDE,45,7,2017-07-11
8897340779547593728,1.1235955056179776,11,PJ,Indústria,GMAIL,GRANDE,71,1,2017-07-05
3025708129948185495,0.0,0,PJ,Comércio,HOTMAIL,PEQUENO,19,0,2009-10-15
1115703227712697214,7.142857142857142,82,PJ,Comércio,AOL,MEDIO,57,8,2011-02-14
5176940320835464459,0.46728971962616817,49,PJ,Comércio,YAHOO,GRANDE,89,4,2011-02-14
3156852928909455203,3.4782608695652173,98,PJ,Serviços,GMAIL,MEDIO,65,9,2009-08-12
3977861004707764824,5.210420841683367,44,PJ,Serviços,GMAIL,GRANDE,87,4,2011-02-14
1951407691087813358,0.0,12,PJ,Comércio,HOTMAIL,GRANDE,12,1,2000-08-15
8245393384938410770,0.0,55,PJ,Indústria,HOTMAIL,MEDIO,97,5,2004-12-06
187117706370645370,14.285714285714285,65,PJ,Serviços,YAHOO,MEDIO,78,6,2009-04-01
3228830386980584958,0.0,51,PJ,Comércio,YAHOO,PEQUENO,94,5,2000-08-15
5988277776808227480,10.526315789473683,16,PJ,Comércio,YAHOO,,15,1,2000-08-15
1235244772550233980,0.0,77,PJ,Comércio,GMAIL,GRANDE,45,7,2000-08-15
2466177460692220853,1.4084507042253522,46,PJ,Serviços,GMAIL,MEDIO,85,4,2016-02-23
7108899417216809461,57.14285714285714,94,PJ,Indústria,GMAIL,PEQUENO,68,9,2015-02-19
3634047863995720708,0.0,11,PJ,Serviços,YAHOO,GRANDE,12,1,2015-03-03
3382624494518753363,69.46107784431138,81,PJ,Indústria,GMAIL,MEDIO,55,8,2014-11-10
6134696632487351445,0.0,11,PJ,Indústria,OUTLOOK,MEDIO,25,1,2006-02-22
7436628409157313756,5.970149253731343,41,PJ,Indústria,AOL,PEQUENO,80,4,2000-08-15
7779268298304613772,1.4285714285714286,19,PJ,Indústria,GMAIL,GRANDE,13,1,2011-02-14
2493305884832539159,24.489795918367346,71,PJ,Comércio,HOTMAIL,PEQUENO,40,7,2000-08-15
4850722092974676955,1.282051282051282,87,PJ,Serviços,YAHOO,PEQUENO,56,8,2014-10-15
6031976689490342098,0.0,62,PJ,Comércio,YAHOO,MEDIO,74,6,2000-08-15
66220087398241662,0.0,62,PJ,Comércio,HOTMAIL,MEDIO,13,6,2016-09-15
682352428813668634,3.7209302325581395,98,PJ,Indústria,HOTMAIL,MEDIO,35,9,2000-08-15
5856610998569876318,0.0,21,PJ,Indústria,GMAIL,MEDIO,22,2,2011-02-14
1343530446996409207,0.0,11,PJ,Serviços,HOTMAIL,GRANDE,18,1,2017-09-27
3660744270380078352,21.91780821917808,65,PJ,Indústria,HOTMAIL,PEQUENO,78,6,2008-07-21
2735662700719640627,15.873015873015872,85,PJ,Serviços,GMAIL,MEDIO,61,8,2013-09-26
1000372849175668062,0.0,17,PJ,Indústria,HOTMAIL,GRANDE,14,1,2011-02-14
1069093308328204542,3.8461538461538463,54,PJ,Serviços,OUTLOOK,GRANDE,99,5,2014-02-02
5540361570968095722,0.0,11,PJ,Comércio,HOTMAIL,MEDIO,13,1,2011-02-14
6521201759558790083,0.0,37,PJ,Serviços,OUTLOOK,MEDIO,35,3,2013-11-18
7451017400765373278,0.0,34,PJ,Comércio,OUTLOOK,PEQUENO,38,3,2000-08-15
9052787288251876909,0.0,54,PJ,Serviços,GMAIL,GRANDE,99,5,2014-02-02
4102750661040919723,5.88235294117647,0,PJ,Indústria,GMAIL,GRANDE,85,0,2018-01-07
6448580780254847411,0.0,0,PJ,Indústria,GMAIL,MEDIO,89,0,2018-05-13
121658372387044248,0.0,22,PJ,Comércio,YAHOO,GRANDE,28,2,2011-02-14
8596605705893456305,37.903225806451616,62,PJ,Comércio,YAHOO,GRANDE,75,6,2013-09-18
511305041047444825,7.59493670886076,79,PJ,Serviços,YAHOO,GRANDE,49,7,2011-02-14
2128970218770090704,0.7194244604316548,62,PJ,Comércio,YAHOO,GRANDE,75,6,2017-02-07
5547032541615425352,0.0,11,PJ,Serviços,AOL,GRANDE,62,1,2000-08-15
1637960623843047520,19.19191919191919,24,PJ,Comércio,HOTMAIL,MEDIO,25,2,2000-08-15
8215958479134054873,0.0,0,PJ,Comércio,OUTLOOK,MEDIO,96,0,2018-02-14
86110062990790869,2.272727272727273,71,PJ,Indústria,AOL,GRANDE,43,7,2000-08-15
3704808902628008971,0.0,54,PJ,Serviços,GMAIL,MEDIO,95,5,2000-08-15
5613825020130267729,0.0,0,PJ,Serviços,YAHOO,MEDIO,85,0,2016-06-08
8529899700094903171,0.0,32,PJ,Comércio,GMAIL,GRANDE,36,3,2000-08-15
1308019675417057675,1.0362694300518136,61,PJ,Comércio,BOL,PEQUENO,72,6,2016-07-28
5460280878923715699,0.819672131147541,48,PJ,Comércio,HOTMAIL,MEDIO,88,4,2012-03-11
8270671464659850683,33.33333333333333,55,PJ,Indústria,HOTMAIL,MEDIO,97,5,2013-09-22
8662923640484889291,0.0,86,PJ,Comércio,HOTMAIL,GRANDE,64,8,2011-02-14
6987942592445950913,0.7352941176470588,0,PJ,Serviços,HOTMAIL,MEDIO,20,1,2000-08-15
3238269558731666664,0.0,11,PJ,Comércio,OUTLOOK,MEDIO,43,1,2011-02-14
7085295800541340563,1.4184397163120568,19,PJ,Indústria,YAHOO,MEDIO,13,1,2000-08-15
7930644815080409701,11.538461538461538,86,PJ,Comércio,YAHOO,MEDIO,64,8,2011-02-14
4831939798545673038,0.0,49,PJ,Comércio,GMAIL,GRANDE,89,4,2006-08-02
8313765100460016738,50.0,14,PJ,Comércio,GMAIL,GRANDE,17,1,2008-09-25
2022367282554149730,0.0,0,PJ,Comércio,OUTLOOK,MEDIO,75,0,2009-04-01
8350724667410677464,3.6036036036036037,85,PJ,Serviços,YAHOO,GRANDE,61,8,2011-05-30
6486277549325701534,0.0,14,PJ,Serviços,HOTMAIL,MEDIO,17,1,2008-08-11
2785178201607654410,15.555555555555555,18,PJ,Indústria,GMAIL,PEQUENO,15,1,2011-02-14
4919908458022265747,0.9615384615384616,19,PJ,Serviços,HOTMAIL,GRANDE,13,1,2011-02-14
9205015186723569289,15.789473684210526,49,PJ,Comércio,GMAIL,PEQUENO,89,4,2012-03-11
7722287846688771887,1.2658227848101267,16,PJ,Serviços,HOTMAIL,GRANDE,15,1,2014-10-23
1874361799315286610,0.0,49,PJ,Indústria,GMAIL,MEDIO,89,4,2012-03-11
8287608084245946173,1.2195121951219512,51,PJ,Comércio,YAHOO,MEDIO,93,5,2014-03-02
8213533889694327948,0.0,91,PJ,Comércio,GMAIL,MEDIO,66,9,2000-08-15
3045840317107313913,0.0,19,PJ,Indústria,YAHOO,GRANDE,13,1,2000-08-15
2214132103234633622,0.5076142131979695,35,PJ,Indústria,YAHOO,MEDIO,37,3,2012-06-04
7949169060790541229,0.0,48,PJ,Serviços,YAHOO,PEQUENO,88,4,2000-08-15
5794903898038236832,7.627118644067797,21,PJ,Serviços,GMAIL,,23,2,2000-08-15
6020593949794792044,13.461538461538462,51,PJ,Indústria,YAHOO,PEQUENO,95,5,2014-03-27
4045739494965095560,0.7434944237918215,41,PJ,Indústria,YAHOO,MEDIO,83,4,2014-01-13
6122719618012473549,1.9607843137254901,0,PJ,Indústria,GMAIL,MEDIO,40,0,2007-11-05
7787306805605072964,13.793103448275861,93,PJ,Serviços,GMAIL,PEQUENO,68,9,2013-06-10
8503092146854371576,0.0,83,PJ,Comércio,OUTLOOK,PEQUENO,58,8,2012-10-15
3204108603682323936,0.0,31,PJ,Serviços,GMAIL,MEDIO,32,3,2015-08-20
4588313530969303734,16.455696202531644,32,PJ,Comércio,GMAIL,PEQUENO,36,3,2011-02-14
5786895437851445408,9.0,47,PJ,Comércio,HOTMAIL,GRANDE,88,4,2012-03-11
5122095358293179297,0.0,19,PJ,Indústria,GMAIL,MEDIO,13,1,2011-02-15
2900002014851776114,55.714285714285715,55,PJ,Serviços,GMAIL,GRANDE,98,5,2014-02-02
1044568737046072781,11.538461538461538,69,PJ,Indústria,HOTMAIL,PEQUENO,76,6,2009-01-04
4749976982519957792,41.7910447761194,11,PJ,Indústria,YAHOO,MEDIO,17,1,2006-03-01
5732713959930509093,11.428571428571429,55,PJ,Indústria,AOL,GRANDE,92,5,2012-01-23
5511113649464808344,9.900990099009901,71,PJ,Serviços,GMAIL,MEDIO,42,7,2007-05-30
1613152204777372951,4.651162790697675,85,PJ,Comércio,GMAIL,MEDIO,62,8,2013-09-02
696014079855281037,5.660377358490567,16,PJ,Serviços,GMAIL,,15,1,2000-08-15
9089528044547831569,5.88235294117647,46,PJ,Comércio,GMAIL,GRANDE,85,4,2015-01-22
5880041582322293710,0.5405405405405406,47,PJ,Comércio,OUTLOOK,GRANDE,89,4,2011-02-14
4740535838297269949,0.0,11,PJ,Comércio,YAHOO,MEDIO,64,1,2009-02-09
8106044482585783481,3.896103896103896,21,PJ,Serviços,AOL,GRANDE,28,2,2015-06-09
5577659616907513811,26.82926829268293,94,PJ,Serviços,GMAIL,MEDIO,68,9,2016-02-24
8570963260597299378,0.0,51,PJ,Indústria,GMAIL,GRANDE,93,5,2011-04-05
1559814738862939390,0.0,69,PJ,Indústria,OUTLOOK,MEDIO,78,6,2018-01-28
175003104385133396,0.0,48,PJ,Serviços,YAHOO,PEQUENO,88,4,2012-07-18
4785355632922927313,29.22077922077922,22,PJ,Comércio,GMAIL,MEDIO,28,2,2011-08-04
6217788509719675691,1.4084507042253522,11,PJ,Comércio,GMAIL,MEDIO,37,1,2011-02-14
5136739522477907100,0.0,77,PJ,Indústria,HOTMAIL,MEDIO,47,7,2014-07-16
3382609338395832683,8.75,85,PJ,Comércio,HOTMAIL,GRANDE,61,8,2014-03-26
6276792736652545216,0.0,0,PJ,Indústria,HOTMAIL,MEDIO,37,0,2013-04-23
8535586342375301953,0.0,32,PJ,Comércio,YAHOO,MEDIO,36,3,2017-11-07
8480109508191086169,0.0,11,PJ,Indústria,GMAIL,PEQUENO,40,1,2011-02-14
1698828605814171242,0.0,21,PJ,Serviços,GMAIL,GRANDE,25,2,2015-05-20
2606594191222500726,7.4074074074074066,85,PJ,Serviços,GMAIL,,30,8,2010-11-23
8248484932270772248,27.397260273972602,71,PJ,Serviços,YAHOO,GRANDE,45,7,2017-10-24
4758362594913729429,0.0,13,PJ,Comércio,,MEDIO,11,1,2016-12-25
6858769421191999702,2.941176470588235,0,PJ,Serviços,YAHOO,GRANDE,13,0,2000-08-15
2860472732401119424,0.0,21,PJ,Indústria,YAHOO,GRANDE,22,2,2013-06-23
7215093571368368138,9.090909090909092,32,PJ,,YAHOO,GRANDE,36,3,2000-08-15
4942577693958917591,0.0,44,PJ,Comércio,GMAIL,GRANDE,87,4,2018-05-17
8332840690177201182,40.0,94,PJ,Serviços,GMAIL,MEDIO,68,9,2014-02-19
2819054834565698513,5.825242718446602,63,PJ,Serviços,HOTMAIL,PEQUENO,77,6,2011-05-16
3161361581909316305,1.8518518518518516,41,PJ,Indústria,OUTLOOK,PEQUENO,83,4,2014-02-02
8405044237103061926,0.0,19,PJ,Comércio,HOTMAIL,GRANDE,13,1,2011-02-14
4444330375740387073,0.0,66,PJ,Indústria,OUTLOOK,GRANDE,68,6,2007-04-19
4820852183212661131,8.47457627118644,47,PJ,Comércio,HOTMAIL,GRANDE,88,4,2011-02-14
6547707428090179960,2.631578947368421,99,PJ,Indústria,HOTMAIL,MEDIO,65,9,2011-02-14
8292458529987016717,0.0,71,PJ,Serviços,OUTLOOK,MEDIO,48,7,2015-06-10
4831988987853936627,0.0,33,PJ,Serviços,HOTMAIL,MEDIO,39,3,2011-02-14
3724562776372632620,14.634146341463413,0,PJ,Serviços,YAHOO,MEDIO,46,0,2015-12-17
9127318190908282126,0.0,11,PJ,Serviços,YAHOO,PEQUENO,13,1,2011-02-14
9184785003280841216,15.702479338842975,0,PJ,Comércio,GMAIL,MEDIO,62,0,2011-02-14
1117184216453911295,4.166666666666666,79,PJ,Comércio,HOTMAIL,GRANDE,49,7,2011-02-14
6091519986999196884,0.0,27,PJ,Comércio,HOTMAIL,MEDIO,29,2,2011-02-14
9086764557051796364,60.0,64,PJ,Indústria,GMAIL,,75,6,2017-08-17
4714214581184951490,0.0,35,PJ,Serviços,HOTMAIL,MEDIO,37,3,2011-02-14
2535803443850893368,20.43010752688172,21,PJ,Comércio,OUTLOOK,MEDIO,26,2,2011-02-14
7141263195360679278,6.944444444444445,0,PJ,Comércio,AOL,MEDIO,90,5,2000-08-15
7986579715832156923,33.33333333333333,44,PJ,Comércio,GMAIL,PEQUENO,87,4,2015-10-26
2407532237672094312,4.25531914893617,67,PJ,Indústria,OUTLOOK,MEDIO,79,6,2015-05-17
1533755281771668509,0.0,54,PJ,Indústria,,PEQUENO,42,5,2000-08-15
8623308321032624474,10.0,22,PJ,Comércio,GMAIL,GRANDE,28,2,2015-07-20
7442192566700924647,0.0,11,PJ,Serviços,YAHOO,MEDIO,86,1,2013-04-18
652740132671309295,1.9047619047619049,55,PJ,Indústria,YAHOO,MEDIO,98,5,2015-07-13
7992317448197179816,0.0,0,PJ,Serviços,GMAIL,MEDIO,13,0,2018-06-24
4079447215339975026,0.0,55,PJ,Indústria,GMAIL,GRANDE,98,5,2015-12-08
2369364892942408355,0.0,41,PJ,Comércio,OUTLOOK,MEDIO,73,4,2017-06-25
6325701146112164499,10.714285714285714,0,PJ,Comércio,GMAIL,GRANDE,11,0,2013-09-17
7838728548369705327,66.66666666666666,0,PF,,GMAIL,GRANDE,77,0,2013-09-22
6204723742351094322,0.0,51,PJ,Serviços,OUTLOOK,GRANDE,95,5,2000-08-15
1192810733461560329,0.0,54,PJ,Comércio,GMAIL,MEDIO,95,5,2011-02-14
9038299527164672091,8.333333333333332,66,PJ,Comércio,YAHOO,MEDIO,78,6,2014-03-24
9098842671739010918,0.0,63,PJ,Comércio,,MEDIO,77,6,2014-01-05
2532435113844289043,0.0,21,PJ,Serviços,GMAIL,MEDIO,25,2,2000-08-15
1741049493106216406,4.878048780487805,61,PJ,Comércio,OUTLOOK,MEDIO,72,6,2016-09-05
1492506290963489177,0.0,27,PJ,Serviços,HOTMAIL,GRANDE,35,2,2000-08-15
8889055492416898333,3.787878787878788,27,PJ,Comércio,GMAIL,GRANDE,29,2,2011-02-14
7444686668183702737,0.0,43,PJ,Indústria,HOTMAIL,GRANDE,86,4,2018-07-01
3027683745465216663,0.0,19,PJ,Comércio,YAHOO,GRANDE,13,1,2000-08-15
3281818438120834833,0.0,83,PJ,Serviços,HOTMAIL,MEDIO,58,8,2015-07-13
5752688018135006198,3.389830508474576,21,PJ,Indústria,GMAIL,GRANDE,23,2,2018-03-14
798425422240919854,0.0,37,PJ,Serviços,HOTMAIL,GRANDE,42,3,2000-08-15
4995679129936981612,12.244897959183673,91,PJ,Comércio,HOTMAIL,GRANDE,68,9,2013-07-22
1182975716201409626,0.0,44,PJ,Serviços,YAHOO,GRANDE,87,4,2011-02-15
5274777191770957761,9.30232558139535,62,PJ,Comércio,OUTLOOK,GRANDE,14,6,2014-11-26
5487870288449327165,0.0,91,PJ,Comércio,BOL,MEDIO,68,9,2015-11-08
6098833389547425063,4.0,0,PJ,Comércio,GMAIL,GRANDE,28,2,2015-07-28
7848910047105468475,34.04255319148936,0,PJ,Comércio,GMAIL,GRANDE,18,0,2018-05-09
5166128847048245697,1.2345679012345678,11,PJ,Comércio,HOTMAIL,PEQUENO,58,1,2000-08-15
4532469127306079736,1.6129032258064515,21,PJ,Indústria,YAHOO,GRANDE,23,2,2013-10-24
7870373680211625064,0.7407407407407408,94,PJ,Comércio,OUTLOOK,MEDIO,68,9,2013-12-09
3832944730982767714,0.0,24,PJ,Comércio,YAHOO,MEDIO,27,2,2014-06-08
5255460548789019114,2.9702970297029703,51,PJ,Serviços,YAHOO,PEQUENO,96,5,2015-10-26
8382418367191468432,0.0,51,PJ,Indústria,YAHOO,MEDIO,95,5,2018-01-16
780065359501679358,5.555555555555555,91,PJ,Indústria,YAHOO,PEQUENO,68,9,2014-07-03
5893903674205161232,0.0,63,PJ,Comércio,OUTLOOK,MEDIO,77,6,2011-02-15
2408009918678280470,2.066115702479339,93,PJ,Comércio,YAHOO,GRANDE,68,9,2004-08-29
524026009392362402,0.0,0,PJ,Serviços,YAHOO,MEDIO,50,1,2000-08-15
5635781225931111684,3.0303030303030303,14,PJ,Comércio,HOTMAIL,MEDIO,16,1,2014-04-06
6681781879793693802,0.0,86,PJ,Indústria,AOL,MEDIO,64,8,2011-02-14
8255085612985072878,0.0,11,PJ,Comércio,GMAIL,GRANDE,98,1,2013-11-25
717981637594591016,0.0,15,PJ,Serviços,GMAIL,MEDIO,18,1,2011-02-14
3195023578711095555,10.0,31,PJ,Serviços,YAHOO,GRANDE,35,3,2016-10-25
6349142675790687765,21.904761904761905,71,PJ,Serviços,HOTMAIL,PEQUENO,47,7,2012-10-31
8548612698724688238,2.380952380952381,75,PJ,Serviços,YAHOO,GRANDE,25,7,2000-08-15
2020646654269061959,0.0,0,PJ,Comércio,YAHOO,MEDIO,69,9,2000-08-15
8909740532547211288,0.46728971962616817,92,PJ,Serviços,HOTMAIL,MEDIO,69,9,2011-12-20
7330131219998265639,0.0,11,PJ,Indústria,YAHOO,MEDIO,41,1,2013-01-16
8196449005061156808,1.7857142857142856,98,PJ,Serviços,YAHOO,PEQUENO,65,9,2011-02-14
8522044805243541048,0.0,21,PJ,Serviços,HOTMAIL,MEDIO,25,2,2018-01-07
4704345573576551103,12.5,37,PJ,Indústria,YAHOO,MEDIO,45,3,2017-04-24
1266005398529207853,50.0,0,PJ,Serviços,HOTMAIL,MEDIO,81,0,2018-01-29
7613717984547031729,0.0,24,PJ,Indústria,HOTMAIL,MEDIO,25,2,2011-02-14
8779038337925278543,0.0,0,PJ,Serviços,HOTMAIL,PEQUENO,98,0,2014-03-02
1748142500108801439,0.0,77,PJ,Serviços,HOTMAIL,MEDIO,45,7,2005-02-15
2805743565496207618,3.278688524590164,22,PJ,Indústria,GMAIL,GRANDE,28,2,2016-11-27
3306590223632993094,0.0,19,PJ,Indústria,HOTMAIL,MEDIO,13,1,2011-02-14
1088268935649917461,2.4390243902439024,94,PJ,Serviços,YAHOO,PEQUENO,68,9,2017-05-17
2032592272238235730,5.454545454545454,0,PJ,Indústria,YAHOO,MEDIO,38,0,2009-04-21
8083157716178259762,0.0,55,PJ,Indústria,YAHOO,MEDIO,97,5,2014-02-02
1610763516326092136,5.555555555555555,62,PJ,Serviços,HOTMAIL,MEDIO,75,6,2016-09-27
5692263270628375692,0.0,2,PJ,Indústria,YAHOO,MEDIO,89,0,2000-08-15
3135499551958202113,0.0,33,PJ,Serviços,YAHOO,GRANDE,35,3,2011-02-14
7176848230239877915,0.0,47,PJ,Comércio,HOTMAIL,MEDIO,89,4,2012-03-11
8198518259946944874,72.2007722007722,61,PJ,Serviços,HOTMAIL,MEDIO,70,6,2013-01-31
1156082905751962591,16.666666666666664,31,PJ,Serviços,AOL,PEQUENO,31,3,2011-05-16
6633838062940819075,0.0,0,PJ,Serviços,GMAIL,GRANDE,98,0,2014-03-19
2179772649873197365,0.0,31,PJ,Serviços,HOTMAIL,MEDIO,31,3,2000-08-15
7686361238195690925,0.0,49,PJ,Serviços,AOL,PEQUENO,89,4,2014-02-02
1977574645216036803,45.0,22,PJ,Indústria,YAHOO,MEDIO,28,2,2017-02-05
4566920105008626302,0.0,18,PJ,Serviços,HOTMAIL,PEQUENO,19,1,2016-09-28
5029701292539093910,2.197802197802198,27,PJ,Comércio,YAHOO,GRANDE,29,2,2011-10-23
8843432852270832388,0.0,22,PJ,Comércio,YAHOO,MEDIO,28,2,2011-02-14
5047610560952554261,0.0,0,PJ,Comércio,YAHOO,PEQUENO,88,0,2007-05-06
3997247264680905799,0.4830917874396135,81,PJ,Comércio,YAHOO,MEDIO,55,8,2018-06-21
4342146186255136598,0.0,0,PJ,Serviços,YAHOO,PEQUENO,96,0,2011-02-14
7707459425750676368,10.666666666666668,85,PJ,Serviços,YAHOO,MEDIO,60,8,2007-09-05
1177363334134147131,0.0,65,PF,,YAHOO,GRANDE,78,6,2015-02-08
1423952977138155129,0.0,14,PJ,Indústria,YAHOO,PEQUENO,17,1,2013-11-07
3258345688897172820,36.84210526315789,11,PJ,Comércio,HOTMAIL,PEQUENO,90,1,2000-08-15
6368582840625614207,0.0,44,PJ,Serviços,GMAIL,GRANDE,86,4,2014-01-13
6581944844073678685,0.0,48,PJ,Comércio,AOL,GRANDE,88,4,2011-02-14
9108733472015251498,0.0,51,PJ,Comércio,GMAIL,MEDIO,93,5,2017-05-28
5358243820364010940,1.6129032258064515,51,PJ,Serviços,YAHOO,GRANDE,95,5,2014-02-02
6754039979151386401,3.8095238095238098,77,PJ,Indústria,GMAIL,MEDIO,45,7,2001-02-04
8013668117699219722,1.8181818181818181,27,PJ,Comércio,YAHOO,GRANDE,29,2,2011-02-14
7403979270048469991,0.0,43,PJ,Indústria,OUTLOOK,GRANDE,86,4,2000-08-15
2033394215069562776,7.317073170731707,27,PJ,Comércio,HOTMAIL,MEDIO,29,2,2000-08-15
4769364850030443969,5.769230769230769,24,PJ,Indústria,HOTMAIL,MEDIO,27,2,2000-08-15
7710364735942975505,4.0,34,PJ,Serviços,,PEQUENO,38,3,2011-02-14
3838562409581494430,0.0,18,PJ,Serviços,YAHOO,PEQUENO,19,1,2009-10-15
1007951122586612702,0.0,33,PJ,Comércio,BOL,PEQUENO,39,3,2011-02-14
8854680481766219396,48.888888888888886,81,PJ,Indústria,YAHOO,GRANDE,54,8,2000-08-15
1507697130807703164,0.0,13,PJ,Serviços,HOTMAIL,GRANDE,11,1,2000-08-15
3461222267175472398,0.0,17,PJ,Indústria,GMAIL,MEDIO,15,1,2000-08-15
4527499691197377217,2.4390243902439024,11,PJ,Comércio,YAHOO,MEDIO,41,1,2000-08-15
8895896724713458749,1.2658227848101267,43,PJ,Serviços,YAHOO,MEDIO,86,4,2005-04-27
5538710567548269440,69.6969696969697,41,PJ,Serviços,GMAIL,PEQUENO,83,4,2011-02-14
8926565682509268383,2.422145328719723,62,PJ,Serviços,BOL,MEDIO,74,6,2017-08-06
3915426102465954493,0.0,14,PJ,Indústria,GMAIL,MEDIO,19,1,2011-02-14
369512959135194353,0.0,62,PJ,Serviços,YAHOO,PEQUENO,74,6,2017-10-08
7535160686416710323,0.0,63,PJ,Serviços,GMAIL,GRANDE,68,6,2018-05-23
7399534253365121062,0.0,0,PJ,Comércio,AOL,PEQUENO,90,0,2003-10-29
4993499380140734678,2.73972602739726,31,PJ,Serviços,GMAIL,PEQUENO,37,3,2015-11-24
7398738404146260251,0.0,51,PJ,Comércio,YAHOO,MEDIO,94,5,2012-08-16
3970610368027129821,1.6666666666666667,38,PJ,Comércio,YAHOO,GRANDE,39,3,2016-07-04
4130617254899676131,2.0408163265306123,28,PJ,Serviços,HOTMAIL,GRANDE,22,2,2000-08-15
8511588642284189303,4.2105263157894735,61,PJ,Comércio,GMAIL,MEDIO,70,6,2018-02-21
7471183491728700531,50.0,11,PJ,Serviços,GMAIL,PEQUENO,56,1,2000-08-15
7070921952745705273,34.375,0,PJ,Serviços,GMAIL,MEDIO,60,0,2018-05-10
7719481195372677540,0.0,16,PJ,Indústria,YAHOO,MEDIO,15,1,2011-02-14
5918810537171565818,24.418604651162788,61,PJ,Serviços,YAHOO,MEDIO,73,6,2011-02-14
8252215766413781202,0.0,53,PJ,Comércio,YAHOO,MEDIO,96,5,2011-02-14
8437257970907722008,4.545454545454546,0,PJ,Indústria,HOTMAIL,GRANDE,39,0,2000-08-15
1002362614649347438,1.4814814814814816,62,PJ,Comércio,OUTLOOK,MEDIO,74,6,2015-01-11
1071717046795982412,0.0,41,PJ,Indústria,GMAIL,GRANDE,13,4,2018-02-04
4023893292051953692,25.0,85,PJ,Indústria,GMAIL,MEDIO,61,8,2014-01-22
5974858472822751652,0.0,19,PJ,Indústria,GMAIL,PEQUENO,13,1,2000-08-15
3591324331706630867,12.068965517241379,49,PJ,Comércio,YAHOO,MEDIO,89,4,2014-02-02
1708019696828098378,45.83333333333333,0,PJ,Serviços,HOTMAIL,GRANDE,64,0,2016-01-21
8662805825682258354,0.0,34,PJ,Comércio,YAHOO,GRANDE,38,3,2018-08-24
5528372913947954503,0.0,91,PJ,Serviços,HOTMAIL,PEQUENO,67,9,2008-04-17
7182085930008391174,2.941176470588235,28,PJ,Comércio,AOL,GRANDE,29,2,2011-02-14
8733525963966339207,29.88505747126437,75,PJ,Indústria,GMAIL,MEDIO,44,7,2012-10-01
2808145376905474927,36.17021276595745,86,PJ,Serviços,YAHOO,,64,8,2011-02-14
6186737197674630993,0.0,88,PJ,Serviços,HOTMAIL,GRANDE,62,8,2011-07-20
2761181567313020223,0.5649717514124294,12,PJ,Indústria,HOTMAIL,MEDIO,12,1,2017-04-17
959720947754650706,0.0,0,PJ,Indústria,YAHOO,MEDIO,95,0,2017-08-06
6731795019313479942,0.0,43,PJ,Comércio,GMAIL,GRANDE,86,4,2000-08-15
2773493808492482979,0.0,43,PJ,Comércio,YAHOO,PEQUENO,86,4,2017-02-05
6164364689409425900,0.0,54,PJ,Indústria,GMAIL,MEDIO,99,5,2014-05-04
1579681122696922043,2.380952380952381,28,PJ,Comércio,HOTMAIL,MEDIO,29,2,2000-08-15
3281617395243454427,5.0,11,PJ,Comércio,YAHOO,GRANDE,27,1,2017-01-19
6457349126437565385,25.0,45,PJ,Serviços,YAHOO,MEDIO,85,4,2017-07-23
6338963608593807081,0.0,0,PJ,Serviços,GMAIL,GRANDE,13,0,2014-04-13
4228782541013845761,0.0,11,PJ,Indústria,GMAIL,MEDIO,13,1,2015-04-05
8715120689636420963,0.0,55,PJ,Indústria,GMAIL,GRANDE,97,5,2018-02-28
1414132620714431952,24.137931034482758,11,PJ,Serviços,GMAIL,GRANDE,69,1,2017-05-29
5091704914816802802,0.0,77,PJ,Comércio,GMAIL,GRANDE,47,7,2014-08-17
1718188804678631487,100.0,28,PJ,Serviços,AOL,PEQUENO,29,2,2015-12-20
1310335287370721834,33.33333333333333,65,PJ,Serviços,GMAIL,GRANDE,78,6,2015-11-05
3279417303675586812,0.0,34,PF,,HOTMAIL,PEQUENO,79,3,2014-09-10
2762573180349093009,0.0,0,PJ,Indústria,GMAIL,MEDIO,75,0,2005-04-12
1334091158016312155,4.0,44,PJ,Serviços,HOTMAIL,GRANDE,87,4,2013-07-14
1997130697107291654,8.955223880597014,0,PJ,Comércio,HOTMAIL,,68,0,2014-06-11
7462607259426026440,0.0,55,PJ,Comércio,GMAIL,MEDIO,98,5,2011-02-14
5810778736737569699,4.10958904109589,35,PJ,Comércio,HOTMAIL,PEQUENO,37,3,2000-08-15
8764962131207592182,0.0,0,PF,,HOTMAIL,MEDIO,78,0,2015-02-19
7009617206603058827,0.0,41,PJ,Serviços,HOTMAIL,GRANDE,78,4,2013-09-16
3571198145319411787,0.0,18,PJ,Comércio,HOTMAIL,MEDIO,19,1,2009-10-15
4224328186225861313,0.0,21,PJ,Comércio,YAHOO,GRANDE,24,2,2011-02-14
4791195031160012361,5.555555555555555,34,PJ,Comércio,GMAIL,MEDIO,38,3,2011-11-15
5799279645678609726,16.39344262295082,49,PJ,Indústria,HOTMAIL,GRANDE,89,4,2015-11-15
2322847438374159400,0.0,15,PJ,Comércio,BOL,PEQUENO,13,1,2016-02-22
710593997981520423,0.0,85,PJ,Comércio,GMAIL,PEQUENO,60,8,2016-05-04
7743291297670529504,16.666666666666664,27,PJ,Comércio,GMAIL,PEQUENO,29,2,2009-07-08
7041489327620930099,0.0,0,PJ,Serviços,HOTMAIL,GRANDE,37,0,2018-03-27
5958664040344043635,0.0,49,PJ,Serviços,YAHOO,GRANDE,89,4,2014-08-25
6658545687004133787,0.0,85,PJ,Serviços,GMAIL,MEDIO,60,8,2017-10-16
7776069961364493674,0.0,0,PJ,Serviços,GMAIL,GRANDE,58,0,2000-08-15
8239483634534704082,0.0,61,PF,,HOTMAIL,GRANDE,73,6,2014-08-14
8194803952487492960,66.66666666666666,69,PJ,Comércio,HOTMAIL,MEDIO,78,6,2000-08-15
4327694790333781288,0.0,42,PJ,Serviços,HOTMAIL,PEQUENO,84,4,2014-03-02
5338466578956451922,0.0,0,PJ,Indústria,GMAIL,GRANDE,59,0,2018-06-05
665854826624598350,0.0,14,PJ,Serviços,GMAIL,MEDIO,19,1,2000-08-15
8080988579391900405,0.0,51,PJ,Comércio,GMAIL,PEQUENO,94,5,2011-02-14
1477629972594346481,3.7735849056603774,69,PJ,Comércio,YAHOO,MEDIO,76,6,2000-08-15
3931892303497206092,7.216494845360824,69,PJ,Comércio,AOL,GRANDE,76,6,2011-08-17
4355447622071493835,0.0,0,PJ,Serviços,GMAIL,GRANDE,23,0,2006-09-20
8895160610329228780,0.0,0,PJ,Comércio,YAHOO,GRANDE,21,0,2015-10-28
226405871752897670,0.0,54,PJ,Serviços,HOTMAIL,,99,5,2012-08-26
7189116056401183589,0.0,0,PJ,Serviços,YAHOO,MEDIO,53,1,2007-06-17
3384356870037163810,1.5873015873015872,19,PJ,Serviços,AOL,MEDIO,13,1,2012-01-22
407849532812377755,40.0,0,PJ,Serviços,YAHOO,MEDIO,57,0,2018-07-04
3738709098002486952,0.0,21,PJ,Serviços,HOTMAIL,GRANDE,22,2,2011-01-30
7076661330300123587,0.0,49,PJ,Serviços,AOL,MEDIO,89,4,2012-03-11
2208316821038817776,44.44444444444444,31,PJ,Comércio,HOTMAIL,,36,3,2015-12-13
6360697608774060650,33.33333333333333,0,PJ,Serviços,HOTMAIL,MEDIO,88,0,2017-04-10
6327126166744640429,0.0,11,PJ,Serviços,YAHOO,MEDIO,48,1,2013-06-16
1396078312562623766,30.0,0,PJ,Serviços,HOTMAIL,MEDIO,53,0,2017-07-23
3538481420098344176,7.142857142857142,11,PJ,Serviços,GMAIL,GRANDE,71,1,2015-12-03
2973474340148068982,16.666666666666664,11,PJ,Indústria,AOL,MEDIO,65,1,2007-07-25
3898162407838983449,0.0,0,PJ,Serviços,GMAIL,MEDIO,93,0,2018-07-25
7665801401860589626,0.0,99,PJ,Serviços,GMAIL,PEQUENO,65,9,2011-02-14
351031887141663937,2.380952380952381,0,PJ,Indústria,GMAIL,GRANDE,78,0,2015-02-27
8084468342180142818,18.181818181818183,0,PJ,Serviços,GMAIL,PEQUENO,80,0,2013-06-10
49632905576538927,0.0,42,PJ,Comércio,YAHOO,GRANDE,80,4,2014-04-27
8090979772607373437,0.0,0,PJ,Indústria,OUTLOOK,GRANDE,25,0,2000-08-15
1272921915900711149,0.0,11,PJ,Comércio,GMAIL,MEDIO,91,1,2006-09-26
6802042794837915720,0.0,66,PJ,Comércio,GMAIL,MEDIO,75,6,2016-03-03
7742577779352014568,100.0,92,PJ,Serviços,HOTMAIL,MEDIO,69,9,2011-11-17
5058298901476893676,0.0,54,PJ,Serviços,GMAIL,MEDIO,99,5,2014-03-30
3629889536335411116,0.0,18,PJ,Comércio,GMAIL,MEDIO,19,1,2015-08-31
4863405965754103821,3.804347826086957,85,PJ,Serviços,GMAIL,PEQUENO,61,8,2018-07-31
2684293212741157926,0.0,0,PJ,Comércio,GMAIL,PEQUENO,95,0,2018-07-25
3631603567749349715,0.0,0,PJ,Comércio,YAHOO,GRANDE,95,0,2018-01-14
3690886209682028027,0.0,0,PJ,Serviços,GMAIL,GRANDE,99,0,2018-10-28
2852602164375541688,0.0,54,PJ,Comércio,HOTMAIL,GRANDE,95,5,2018-01-25
4365965554261111250,22.535211267605636,11,PJ,Comércio,YAHOO,MEDIO,77,1,2018-03-06
5517114603826429870,0.0,44,PJ,Indústria,GMAIL,GRANDE,87,4,2017-07-11
3807130563335796378,11.538461538461538,0,PJ,Indústria,HOTMAIL,PEQUENO,46,0,2009-01-11
5758033363847724111,0.0,42,PJ,Indústria,HOTMAIL,MEDIO,84,4,2018-10-25
460993244124061972,3.3333333333333335,67,PJ,Comércio,HOTMAIL,GRANDE,79,6,2012-09-30
2598475569074240783,2.564102564102564,49,PJ,Comércio,HOTMAIL,GRANDE,88,4,2012-03-11
8536031856585966123,9.333333333333334,35,PJ,Comércio,YAHOO,MEDIO,37,3,2017-08-06
2771214050521171719,1.2738853503184715,11,PJ,Serviços,GMAIL,MEDIO,93,1,2018-06-04
4284129442855564250,0.0,81,PJ,Serviços,YAHOO,PEQUENO,55,8,2018-01-30
8244965109768845797,0.0,49,PJ,Comércio,GMAIL,MEDIO,89,4,2012-07-01
7913893451349440000,0.0,91,PJ,Indústria,HOTMAIL,MEDIO,68,9,2011-02-15
670573866376512619,2.631578947368421,34,PJ,Comércio,HOTMAIL,MEDIO,13,3,2015-11-12
7646606457278894341,0.0,44,PJ,Indústria,GMAIL,PEQUENO,87,4,2014-07-29
6085815944092871635,50.0,11,PJ,Serviços,YAHOO,GRANDE,75,1,2018-06-13
8107542605807471599,85.0,21,PJ,Serviços,YAHOO,MEDIO,26,2,2017-10-05
7501763663852779083,0.0,11,PJ,Indústria,HOTMAIL,PEQUENO,64,1,2009-12-07
3592461881055047578,20.0,0,PJ,Indústria,HOTMAIL,GRANDE,13,0,2018-06-24
7596151387242724588,0.0,38,PF,,GMAIL,MEDIO,73,3,2018-06-24
4591193860232697465,0.0,0,PJ,Comércio,YAHOO,MEDIO,29,0,2015-10-06
3760177249735580557,50.0,11,PJ,Comércio,GMAIL,GRANDE,77,1,2012-03-15
4858887739802767402,0.0,0,PJ,Comércio,YAHOO,,25,2,2004-08-25
5091815447165974815,0.0,11,PJ,Serviços,AOL,PEQUENO,72,1,2007-01-16
3555655653190753786,33.33333333333333,0,PF,,HOTMAIL,PEQUENO,47,0,2017-08-21
4512887927067894301,6.521739130434782,11,PJ,Comércio,GMAIL,,87,1,2013-11-24
5795100045494475994,0.0,31,PJ,Comércio,HOTMAIL,GRANDE,36,3,2015-09-07
7986658810701126728,75.0,65,PJ,Serviços,HOTMAIL,PEQUENO,78,6,2015-05-11
1696462947583294958,0.0,21,PJ,Serviços,BOL,PEQUENO,21,2,2000-08-15
4195747290630173499,100.0,0,PF,,GMAIL,PEQUENO,29,0,2016-09-28
5875663709136533612,0.0,44,PJ,Serviços,OUTLOOK,GRANDE,87,4,2018-08-05
6824842959463625344,25.0,0,PF,,GMAIL,GRANDE,29,0,2015-10-15
4956614249204803652,23.076923076923077,82,PJ,Serviços,YAHOO,MEDIO,57,8,2017-06-20
4317696664583463091,0.0,65,PJ,Comércio,GMAIL,GRANDE,78,6,2018-03-25
6815351437572393426,0.0,34,PJ,Serviços,,MEDIO,38,3,2011-02-23
8012016968380185372,0.0,0,PF,,GMAIL,PEQUENO,78,0,2016-06-16
7626832470282570499,0.0,27,PJ,Serviços,HOTMAIL,GRANDE,29,2,2011-02-14
9161263096062288704,9.67741935483871,11,PJ,Serviços,YAHOO,MEDIO,98,1,2000-08-15
3647763328551943822,0.0,11,PJ,Serviços,GMAIL,GRANDE,52,1,2011-11-10
1891145854263312840,8.333333333333332,49,PJ,Serviços,GMAIL,PEQUENO,89,4,2004-06-23
2903869860445366876,2.272727272727273,0,PJ,Comércio,YAHOO,MEDIO,85,0,2018-11-05
7621083433504010869,0.0,11,PJ,Serviços,GMAIL,GRANDE,87,1,2008-07-28
1617695035450525647,0.0,53,PJ,Comércio,GMAIL,GRANDE,96,5,2005-05-05
6213213514675778388,2.631578947368421,33,PJ,Comércio,HOTMAIL,PEQUENO,36,3,2017-10-30
4508520363171713861,0.0,31,PJ,Serviços,OUTLOOK,PEQUENO,30,3,2011-02-14
621182491555347581,6.25,35,PJ,Indústria,GMAIL,PEQUENO,37,3,2018-11-29
1097345589386012260,0.0,0,PJ,Comércio,YAHOO,MEDIO,11,0,2018-08-22
8924045760456827557,0.0,31,PJ,Comércio,YAHOO,GRANDE,31,3,2002-06-11
5767156338992526776,0.0,43,PJ,Serviços,HOTMAIL,GRANDE,86,4,2018-05-02
7971169314678400658,0.0,54,PJ,Indústria,AOL,MEDIO,98,5,2011-02-14
1052398277967427422,0.0,77,PJ,Serviços,YAHOO,GRANDE,46,7,2013-10-03
5305666299348331173,0.0,42,PF,,HOTMAIL,MEDIO,84,4,2016-12-12
5786614417091653950,0.0,84,PJ,Indústria,YAHOO,GRANDE,59,8,2018-04-11
9036329217885149501,33.33333333333333,11,PJ,Comércio,OUTLOOK,MEDIO,12,1,2018-09-30
6012031176108922616,8.823529411764707,21,PJ,Indústria,OUTLOOK,PEQUENO,22,2,2007-03-08
6055129522348042687,20.0,0,PJ,Serviços,YAHOO,MEDIO,16,0,2000-08-15
6089029916190588614,18.181818181818183,86,PJ,Serviços,GMAIL,GRANDE,64,8,2018-09-26
8594897944068249710,100.0,62,PJ,Serviços,BOL,MEDIO,74,6,2018-03-28
6796564304742670823,30.0,65,PF,,BOL,PEQUENO,78,6,2018-04-02
1463054873047394970,0.0,44,PJ,Serviços,HOTMAIL,GRANDE,87,4,2016-05-10
7468724002190465812,4.166666666666666,0,PJ,Serviços,YAHOO,PEQUENO,86,0,2017-08-06
5386962298800892593,0.0,43,PJ,Indústria,YAHOO,MEDIO,86,4,2018-05-02
2191990606593345695,0.0,0,PJ,Indústria,HOTMAIL,MEDIO,17,0,2016-02-16
1450216906825650643,0.0,43,PJ,Serviços,YAHOO,GRANDE,86,4,2018-05-02
1711114950158155307,0.0,21,PJ,Serviços,GMAIL,GRANDE,21,2,2018-01-09
3618862169777063942,0.0,49,PJ,Serviços,AOL,MEDIO,88,4,2012-03-11
2003221759676247813,0.0,47,PJ,Comércio,AOL,PEQUENO,89,4,2012-04-10
8510653215962746781,0.0,11,PJ,Serviços,GMAIL,GRANDE,95,1,2000-08-15
8185063234515056194,0.0,11,PJ,Serviços,GMAIL,MEDIO,70,1,2011-06-13
2300515430178950292,0.0,0,PJ,Comércio,GMAIL,PEQUENO,29,0,2004-01-28
3075783375726664899,0.0,34,PF,,AOL,MEDIO,38,3,2016-01-21
295375823203017296,0.0,11,PJ,Serviços,YAHOO,PEQUENO,11,1,2015-08-10
6968106554514688300,2.631578947368421,21,PJ,Comércio,YAHOO,GRANDE,23,2,2011-05-16
4626249002057685539,80.0,27,PJ,Comércio,YAHOO,GRANDE,29,2,2016-01-26
2233850024349336054,0.0,0,PJ,Serviços,GMAIL,MEDIO,29,1,2008-06-09
4537982850248578883,1.0752688172043012,0,PJ,Serviços,GMAIL,MEDIO,36,0,2018-09-19
2687720147676132707,1.1235955056179776,11,PJ,Comércio,YAHOO,GRANDE,90,1,2006-01-01
5078307295214858596,1.9607843137254901,0,PJ,Serviços,GMAIL,PEQUENO,46,0,2018-12-13
7974433795310408854,0.0,31,PJ,Serviços,GMAIL,MEDIO,32,3,2016-01-19
5931905128207886847,25.0,82,PJ,Comércio,HOTMAIL,GRANDE,43,8,2016-11-22
5198904647759787695,0.0,27,PJ,Indústria,YAHOO,MEDIO,29,2,2000-08-15
1033361676287635885,4.3478260869565215,11,PJ,Indústria,GMAIL,MEDIO,96,1,2013-10-03
744649452655516193,66.66666666666666,0,PJ,Comércio,GMAIL,MEDIO,71,0,2007-04-18
3474419084491017271,0.0,11,PJ,Comércio,BOL,PEQUENO,48,1,2014-03-16
8173830874846355280,0.1483679525222552,38,PJ,Serviços,GMAIL,GRANDE,39,3,2011-02-14
2556046726800414568,0.0,43,PJ,Serviços,OUTLOOK,GRANDE,86,4,2014-07-31
6594970822995540982,0.0,0,PJ,Serviços,YAHOO,MEDIO,77,0,2014-01-19
6056959220685085102,33.33333333333333,73,PJ,Serviços,GMAIL,PEQUENO,45,7,2016-08-01
5010695957153856148,0.0,69,PJ,Indústria,YAHOO,GRANDE,76,6,2017-10-25
8106460788895393927,0.0,99,PJ,Serviços,HOTMAIL,GRANDE,77,9,2018-09-20
8487807876567995441,1.6666666666666667,21,PJ,,YAHOO,MEDIO,26,2,2000-08-15
7719877724419004325,0.0,11,PJ,Indústria,GMAIL,MEDIO,12,1,2018-04-29
3632378524835692731,0.0,11,PJ,Indústria,GMAIL,GRANDE,92,1,2017-06-08
1430896989654626045,3.125,87,PJ,Comércio,HOTMAIL,GRANDE,56,8,2018-12-10
7503582542949284252,0.0,91,PJ,Comércio,HOTMAIL,MEDIO,65,9,2011-02-15
8271604276097280304,0.0,11,PJ,Comércio,BOL,MEDIO,33,1,2013-05-05
4495170040746508204,3.8461538461538463,0,PJ,Comércio,HOTMAIL,MEDIO,23,0,2017-07-30
1054275403532840653,0.0,17,PJ,Indústria,YAHOO,PEQUENO,15,1,2008-08-11
2218664010734431754,100.0,0,PJ,Indústria,YAHOO,,58,8,2018-04-17
86436955037443683,100.0,0,PJ,Serviços,GMAIL,PEQUENO,23,0,2019-01-03
5383359512938607117,0.0,64,PJ,Comércio,YAHOO,MEDIO,75,6,2017-07-30
7204322229254419755,100.0,0,PJ,Serviços,YAHOO,MEDIO,80,0,2006-11-07
6598561842700412652,70.58823529411765,0,PJ,Comércio,YAHOO,,12,0,2018-12-05
5271966906483787417,0.0,51,PJ,Serviços,YAHOO,GRANDE,13,5,2016-06-29
6535074478489939949,0.0,65,PJ,Indústria,GMAIL,PEQUENO,78,6,2014-11-17
6574147480097265454,20.0,85,PJ,Serviços,HOTMAIL,MEDIO,61,8,2000-08-15
8500889177765218320,0.0,81,PJ,Indústria,HOTMAIL,MEDIO,54,8,2016-03-03
7405858498198031046,11.11111111111111,64,PJ,Indústria,YAHOO,PEQUENO,52,6,2011-11-07
879621668242949113,0.0,69,PJ,Indústria,HOTMAIL,MEDIO,76,6,2016-03-15
8609938720215175911,2.272727272727273,0,PJ,Indústria,YAHOO,MEDIO,36,0,2010-07-26
2108598473865910131,0.0,16,PJ,Indústria,GMAIL,MEDIO,14,1,2013-06-25
2006188298374001315,0.0,93,PJ,Comércio,YAHOO,GRANDE,68,9,2018-07-29
3447213159487287154,0.0,51,PJ,Indústria,GMAIL,GRANDE,13,5,2015-09-13
2209806355660046187,6.666666666666667,74,PJ,Serviços,YAHOO,PEQUENO,44,7,2015-08-20
1253437108265925705,0.0,41,PJ,Serviços,GMAIL,PEQUENO,81,4,2018-05-23
7229721428946324455,53.84615384615385,44,PJ,Serviços,YAHOO,GRANDE,87,4,2015-05-05
18719614953021044,33.33333333333333,11,PJ,Comércio,OUTLOOK,GRANDE,47,1,2014-11-16
1462395707491634845,100.0,47,PJ,Comércio,HOTMAIL,MEDIO,88,4,2013-07-29
6632750819478927641,20.0,18,PJ,Indústria,HOTMAIL,GRANDE,16,1,2019-02-18
6535356415509860671,0.0,65,PJ,Comércio,HOTMAIL,GRANDE,78,6,2016-12-27
5263285038415073073,16.666666666666664,91,PJ,Serviços,YAHOO,MEDIO,68,9,2017-11-06
1179133757491860792,0.0,65,PJ,Serviços,GMAIL,MEDIO,78,6,2016-08-16
7696655736121386405,18.75,51,PJ,Comércio,HOTMAIL,GRANDE,94,5,2000-08-15
5425069937553115144,0.0,67,PF,,GMAIL,GRANDE,79,6,2012-05-15
6789516822626221575,0.0,11,PJ,Comércio,AOL,GRANDE,20,1,2000-08-15
4915404990154267899,50.0,11,PJ,Serviços,HOTMAIL,MEDIO,64,1,2013-12-26
1929055606777178697,25.0,62,PJ,Comércio,HOTMAIL,GRANDE,77,6,2015-12-10
3592639146446725280,0.0,65,PJ,Indústria,HOTMAIL,GRANDE,78,6,2000-08-15
3950448152833572077,0.0,0,PJ,Comércio,YAHOO,GRANDE,81,0,2019-02-20
8967780934636007142,0.0,0,PJ,Comércio,HOTMAIL,MEDIO,78,0,2015-09-20
5481711897502154955,0.0,21,PJ,Serviços,OUTLOOK,MEDIO,23,2,2018-06-13
8991419601067014006,0.0,17,PJ,Comércio,YAHOO,GRANDE,15,1,2006-09-14
1963239178085807816,0.0,91,PJ,Comércio,GMAIL,GRANDE,65,9,2006-10-24
6693885248277625807,0.0,31,PJ,Comércio,GMAIL,GRANDE,39,3,2018-12-23
5689766561863956319,5.555555555555555,86,PJ,Serviços,YAHOO,MEDIO,64,8,2019-02-26
1041113202992808157,25.0,0,PF,,,PEQUENO,78,0,2014-09-29
2278650548373578523,25.0,18,PJ,Indústria,GMAIL,GRANDE,19,1,2018-11-07
7246466789138290692,0.0,63,PJ,Indústria,YAHOO,MEDIO,77,6,2011-12-25
4675067298171588603,10.869565217391305,11,PJ,Comércio,HOTMAIL,GRANDE,22,1,2018-07-12
7884973711049495555,0.0,65,PJ,Serviços,GMAIL,GRANDE,78,6,2017-08-02
5287265869592025756,0.0,32,PJ,Comércio,AOL,PEQUENO,36,3,2000-08-15
1152891199251773092,0.0,62,PJ,Comércio,HOTMAIL,,74,6,2012-09-23
5735794880899687600,0.0,41,PJ,Comércio,GMAIL,MEDIO,83,4,2006-06-06
7268895973869107930,0.9090909090909091,62,PJ,Serviços,YAHOO,GRANDE,74,6,2019-01-31
186296161813079768,88.88888888888889,17,PJ,Comércio,HOTMAIL,,45,1,2000-08-15
339550163159506478,50.0,51,PJ,Indústria,HOTMAIL,MEDIO,90,5,2018-05-10
8576047157867370630,25.49019607843137,24,PJ,Serviços,GMAIL,PEQUENO,26,2,2012-04-19
8911073840712901131,0.0,21,PJ,Comércio,GMAIL,MEDIO,26,2,2018-01-08
1543875954928694094,1.2345679012345678,0,PJ,Indústria,HOTMAIL,PEQUENO,86,0,2015-05-17
2302464746243069589,0.0,28,PJ,Indústria,HOTMAIL,PEQUENO,29,2,2011-02-14
4155987877874087356,0.0,37,PJ,Indústria,GMAIL,MEDIO,35,3,2018-11-13
4508632759077888376,0.0,0,PJ,Comércio,AOL,MEDIO,34,1,2013-05-05
5327139240004330145,100.0,61,PJ,Serviços,YAHOO,GRANDE,70,6,2008-04-14
8918635099296971351,0.0,11,PJ,Serviços,YAHOO,MEDIO,71,1,2019-03-13
2499050168966442376,22.22222222222222,34,PF,,HOTMAIL,MEDIO,38,3,2014-09-15
2260816603683347518,0.0,0,PJ,Comércio,OUTLOOK,GRANDE,86,0,2019-03-13
162896151509189921,0.0,0,PJ,Serviços,HOTMAIL,MEDIO,68,0,2017-10-19
4537268360654655629,8.571428571428571,44,PJ,Indústria,OUTLOOK,PEQUENO,87,4,2019-01-27
7829456717134984253,0.0,51,PJ,Indústria,AOL,MEDIO,92,5,2017-06-01
1995032058960709559,25.0,66,PJ,Indústria,GMAIL,MEDIO,78,6,2019-03-12
4714187554103729432,0.0,0,PJ,Indústria,YAHOO,GRANDE,23,0,2016-06-27
2380458252615213706,0.0,11,PJ,Serviços,YAHOO,MEDIO,12,1,2017-07-03
8846153146417722343,100.0,84,PJ,Indústria,GMAIL,MEDIO,59,8,2000-08-15
6242636379248496392,1.6129032258064515,0,PJ,Indústria,GMAIL,MEDIO,99,0,2019-02-26
7142043104834932013,23.076923076923077,88,PJ,Serviços,HOTMAIL,PEQUENO,63,8,2017-09-27
5726884001073147293,0.0,0,PJ,Comércio,YAHOO,GRANDE,48,0,2011-01-12
4631736838128525597,0.0,0,PJ,Comércio,,,29,0,2016-04-19
8559143756893267192,14.285714285714285,21,PJ,Serviços,GMAIL,PEQUENO,25,2,2006-06-28
3970572142453508637,6.122448979591836,0,PJ,Comércio,HOTMAIL,MEDIO,75,0,2018-10-03
1962421014232423027,0.0,38,PJ,Comércio,YAHOO,MEDIO,39,3,2011-02-14
2573553293518763494,0.0,27,PJ,Indústria,YAHOO,PEQUENO,29,2,2018-03-13
5306165689101138983,0.0,37,PJ,Serviços,GMAIL,MEDIO,35,3,2013-09-05
3605652314611460806,0.0,0,PJ,Serviços,HOTMAIL,GRANDE,99,0,2014-02-02
1119752495905732753,0.0,62,PJ,Indústria,YAHOO,MEDIO,74,6,2014-03-11
8859064595603380512,0.0,4,PJ,Indústria,GMAIL,GRANDE,13,0,2000-08-15
8750804459957303037,0.0,81,PJ,Serviços,HOTMAIL,GRANDE,50,8,2000-08-15
6216982347344525048,13.333333333333334,98,PJ,Indústria,GMAIL,PEQUENO,65,9,2019-04-14
492136427845699874,25.0,51,PJ,Serviços,YAHOO,,96,5,2003-10-12
2778852475840838977,25.0,0,PJ,Comércio,YAHOO,GRANDE,53,0,2019-03-18
4980232475645447238,0.0,47,PJ,Comércio,AOL,PEQUENO,89,4,2017-08-06
4874157215501489741,0.0,14,PJ,Serviços,OUTLOOK,PEQUENO,17,1,2018-08-26
8343941262792249232,5.1020408163265305,11,PJ,Indústria,HOTMAIL,GRANDE,31,1,2019-05-28
3584082418739794187,85.71428571428571,88,PJ,Comércio,HOTMAIL,MEDIO,62,8,2019-03-13
6309684992153258710,0.0,33,PJ,Serviços,GMAIL,,36,3,2018-09-05
1777508458351542706,21.73913043478261,0,PJ,Serviços,,GRANDE,14,0,2019-05-29
5334845483867106835,33.33333333333333,71,PJ,Serviços,HOTMAIL,GRANDE,43,7,2018-05-06
4562495119288161876,0.0,0,PJ,Indústria,HOTMAIL,GRANDE,29,0,2019-01-31
1129657311668961746,3.225806451612903,0,PJ,Indústria,YAHOO,MEDIO,55,8,2019-01-21
2567704620177619489,0.0,34,PF,,AOL,MEDIO,38,3,2017-06-04
8989558978299738854,100.0,51,PJ,Indústria,YAHOO,GRANDE,95,5,2019-05-14
4781359035957376194,0.0,77,PF,,HOTMAIL,MEDIO,47,7,2017-06-20
3039015096637567364,0.0,0,PF,,YAHOO,MEDIO,38,0,2017-06-27
6999154286942764669,35.294117647058826,0,PJ,Serviços,GMAIL,PEQUENO,69,0,2017-04-10
1874387298050692165,0.0,41,PJ,Serviços,YAHOO,GRANDE,83,4,2014-03-02
6271697692808086495,0.0,19,PJ,Indústria,YAHOO,MEDIO,13,1,2008-05-22
9156666134024889730,3.7037037037037033,0,PJ,Indústria,HOTMAIL,MEDIO,81,0,2017-08-06
2346482557594782345,3.4482758620689653,65,PJ,Indústria,YAHOO,MEDIO,78,6,2016-12-18
6865071386683133124,0.0,0,PJ,Comércio,,GRANDE,47,0,2019-03-27
689004070169545786,0.0,73,PJ,Serviços,OUTLOOK,GRANDE,45,7,2000-08-15
6118873739225005756,0.0,74,PJ,Serviços,AOL,PEQUENO,44,7,2019-02-25
2711217152718352107,50.0,11,PJ,Indústria,HOTMAIL,MEDIO,52,1,2008-05-07
4430825904532764237,33.33333333333333,31,PJ,Comércio,AOL,GRANDE,34,3,2019-02-19
2371917341091102894,11.11111111111111,73,PJ,Serviços,HOTMAIL,MEDIO,45,7,2019-02-07
7968118679747232249,18.75,49,PJ,Comércio,HOTMAIL,MEDIO,89,4,2000-08-15
5855956854975734380,1.8518518518518516,21,PJ,Comércio,OUTLOOK,GRANDE,28,2,2018-06-26
7836964432867832146,0.0,84,PJ,Serviços,YAHOO,PEQUENO,59,8,2018-07-04
4104959289203999917,0.0,47,PJ,Comércio,HOTMAIL,GRANDE,89,4,2012-03-11
2797247267096799785,0.0,19,PJ,Serviços,OUTLOOK,GRANDE,13,1,2017-07-06
2493688222671282470,0.0,51,PJ,Comércio,YAHOO,,80,5,2019-02-18
8374461419511631785,0.0,91,PJ,Comércio,GMAIL,GRANDE,68,9,2011-02-14
6662531979151878793,0.0,35,PJ,Comércio,GMAIL,GRANDE,37,3,2017-01-11
7105441534376526569,0.0,0,PJ,Serviços,YAHOO,PEQUENO,11,0,2018-10-25
5883155883105348987,5.405405405405405,11,PJ,Comércio,GMAIL,PEQUENO,42,1,2011-02-14
8552039412779393821,3.508771929824561,0,PJ,Indústria,GMAIL,PEQUENO,32,0,2019-08-01
2146740087301789516,0.0,16,PJ,Serviços,YAHOO,GRANDE,14,1,2003-08-14
424669430335898076,0.0,0,PJ,Comércio,GMAIL,PEQUENO,68,0,2015-12-02
2307201111381758912,0.0,14,PJ,Serviços,GMAIL,MEDIO,17,1,2013-06-17
3263212305228307743,0.0,15,PJ,Serviços,GMAIL,MEDIO,18,1,2017-08-06
6367769402148499693,0.0,27,PJ,Indústria,AOL,MEDIO,29,2,2018-08-30
843896882208504179,33.33333333333333,0,PF,,YAHOO,GRANDE,13,1,2019-05-16
8047821974672655407,100.0,0,PJ,Serviços,HOTMAIL,GRANDE,93,0,2019-03-28
4210463673385510745,15.873015873015872,77,PJ,Serviços,HOTMAIL,MEDIO,47,7,2015-05-28
69766362497027920,0.0,92,PJ,Serviços,HOTMAIL,MEDIO,69,9,2009-09-21
4078490786243765404,0.0,19,PJ,Comércio,GMAIL,GRANDE,13,1,2010-03-29
3153106946088212605,33.33333333333333,64,PF,,OUTLOOK,PEQUENO,78,6,2016-11-20
8004409125524742779,0.0,54,PJ,Serviços,YAHOO,PEQUENO,99,5,2011-02-14
2859982583195166819,0.0,35,PJ,Indústria,HOTMAIL,MEDIO,37,3,2019-07-09
6547872039250784411,100.0,11,PJ,Comércio,YAHOO,GRANDE,71,1,2019-09-02
6832005298160297810,0.0,11,PJ,Serviços,HOTMAIL,PEQUENO,79,1,2014-06-08
3333870869270823799,8.333333333333332,19,PJ,Comércio,YAHOO,MEDIO,13,1,2019-08-11
2035700727032031976,57.14285714285714,11,PJ,Comércio,YAHOO,,49,1,2019-07-01
1043585102535564595,0.0,19,PJ,Serviços,YAHOO,GRANDE,13,1,2019-02-10
608816700571896717,25.0,0,PJ,Comércio,YAHOO,MEDIO,65,0,2019-03-31
1875708128527882196,0.0,54,PJ,Comércio,YAHOO,PEQUENO,95,5,2019-03-12
1082658943827891572,0.0,0,PJ,Comércio,HOTMAIL,MEDIO,29,0,2019-06-09
4723919748432185874,0.0,0,PJ,Serviços,YAHOO,MEDIO,85,0,2014-03-02
4375157493619487776,0.0,62,PJ,Serviços,BOL,PEQUENO,74,6,2019-06-25
7061868716439556791,91.17647058823529,0,PJ,Serviços,GMAIL,MEDIO,27,0,2017-04-10
1864367736036633256,0.0,0,PJ,Serviços,GMAIL,MEDIO,88,0,2019-06-30
3511416927745338332,0.0,42,PJ,Serviços,YAHOO,MEDIO,87,4,2018-09-05
7889351655716537527,0.0,35,PJ,Indústria,OUTLOOK,MEDIO,37,3,2017-01-11
1273229638516517354,0.0,85,PJ,Indústria,HOTMAIL,MEDIO,60,8,2017-05-18
6546850858912852316,17.5,91,PJ,Serviços,GMAIL,GRANDE,68,9,2018-02-21
4741325322140814572,0.0,54,PJ,Indústria,YAHOO,MEDIO,99,5,2019-03-21
6871485876456523363,0.0,35,PJ,Serviços,HOTMAIL,MEDIO,35,3,2019-03-12
988707525807573448,0.0,47,PJ,Indústria,BOL,MEDIO,89,4,2019-10-03
3906045000005838812,0.0,65,PF,,YAHOO,MEDIO,78,6,2014-06-25
8090492548102964782,0.0,11,PJ,Serviços,GMAIL,GRANDE,13,1,2019-10-22
3543162424793477785,1.5873015873015872,19,PJ,Serviços,YAHOO,GRANDE,13,1,2000-08-15
5043004928991692540,100.0,19,PJ,Comércio,HOTMAIL,MEDIO,13,1,2019-10-24
687161638293676970,0.0,11,PJ,Serviços,AOL,GRANDE,22,1,2002-08-19
8536980239903840341,0.0,99,PJ,Comércio,YAHOO,GRANDE,68,9,2019-09-29
4997308257850209705,0.0,43,PJ,Indústria,HOTMAIL,GRANDE,86,4,2019-08-29
3772710147663076183,0.0,0,PJ,Comércio,GMAIL,MEDIO,20,0,2019-09-09
4982042089827666585,22.22222222222222,11,PJ,Serviços,YAHOO,GRANDE,78,1,2000-08-15
5304403477328695520,16.666666666666664,0,PJ,Serviços,YAHOO,MEDIO,65,0,2019-10-20
493565965354066585,66.66666666666666,0,PJ,Comércio,HOTMAIL,GRANDE,78,0,2016-05-17
2978852236996041848,50.0,35,PJ,Serviços,OUTLOOK,MEDIO,37,3,2019-09-25
7524505197759784814,20.0,11,PJ,Serviços,YAHOO,GRANDE,64,1,2019-03-12
3140918607946425426,0.0,11,PJ,Comércio,YAHOO,MEDIO,43,1,2016-05-18
1141681690629134039,0.0,0,PJ,Serviços,HOTMAIL,GRANDE,13,0,2011-12-07
6143250120040658989,0.0,46,PJ,Comércio,GMAIL,PEQUENO,85,4,2018-11-04
1589465774841117651,0.0,21,PJ,Serviços,YAHOO,MEDIO,24,2,2012-04-10
521351744568531135,0.0,35,PJ,Comércio,YAHOO,MEDIO,37,3,2019-09-30
3296374419863077251,0.0,11,PJ,Serviços,HOTMAIL,GRANDE,56,1,2017-03-08
985215297182099989,0.0,45,PJ,Indústria,GMAIL,GRANDE,85,4,2003-05-06
1922661714134822818,0.0,0,PJ,Comércio,YAHOO,PEQUENO,78,0,2019-07-17
1849408830951333776,11.11111111111111,0,PJ,Comércio,HOTMAIL,GRANDE,85,4,2019-11-24
924957821424248698,0.0,37,PJ,Serviços,GMAIL,GRANDE,35,3,2019-09-15
3820213618605354326,25.0,31,PJ,Indústria,GMAIL,GRANDE,34,3,2019-10-14
2673576168790933175,0.0,85,PJ,Comércio,HOTMAIL,MEDIO,62,8,2019-03-31
6914631631926429447,0.0,14,PJ,Indústria,HOTMAIL,MEDIO,17,1,2019-08-27
5694881483989656694,0.0,69,PJ,Serviços,YAHOO,MEDIO,76,6,2000-08-15
3888528635045328222,10.416666666666668,62,PJ,Serviços,HOTMAIL,MEDIO,13,6,2019-09-09
8097962811568170308,93.02325581395348,81,PJ,Serviços,HOTMAIL,GRANDE,51,8,2000-08-15
472772897496154354,0.0,45,PJ,Comércio,GMAIL,GRANDE,85,4,2007-09-19
8609211777002937758,0.0,11,PJ,Comércio,YAHOO,GRANDE,98,1,2019-05-27
3682570285558758138,0.0,94,PJ,Serviços,GMAIL,GRANDE,68,9,2018-03-21
8748106677402909629,0.0,69,PJ,Comércio,YAHOO,PEQUENO,76,6,2011-08-23
550640993893626857,0.0,0,PJ,Comércio,GMAIL,MEDIO,49,0,2019-10-06
494641254909702757,100.0,65,PJ,Serviços,GMAIL,MEDIO,78,6,2017-10-23
2529163714741999839,100.0,11,PJ,Indústria,AOL,PEQUENO,64,1,2015-10-05
189650789135045122,0.0,44,PF,,HOTMAIL,GRANDE,87,4,2016-02-02
6686011791459443533,0.0,11,PJ,Indústria,GMAIL,GRANDE,11,1,2014-06-08
6704528044328834201,0.0,0,PJ,Indústria,BOL,MEDIO,14,1,2014-11-05
6456490958004500912,0.0,31,PJ,Serviços,GMAIL,MEDIO,34,3,2011-02-14
5200455618694210402,0.0,85,PJ,Comércio,HOTMAIL,PEQUENO,63,8,2015-05-10
4487571742607713385,0.0,16,PJ,Comércio,GMAIL,GRANDE,14,1,2014-01-08
6669879342590884634,0.0,71,PJ,Serviços,,GRANDE,40,7,2011-02-14
334065431792475495,0.0,55,PJ,Serviços,HOTMAIL,GRANDE,98,5,2000-08-15
5373371196946859811,4.597701149425287,35,PJ,Serviços,HOTMAIL,GRANDE,37,3,2015-11-10
4937566934664053767,0.0,62,PJ,Comércio,YAHOO,MEDIO,74,6,2011-09-29
7020910424509248025,0.0,54,PF,,HOTMAIL,GRANDE,97,5,2019-04-25
6693181132429641622,0.0,0,PF,,HOTMAIL,MEDIO,76,0,2019-12-12
7067471043900250355,5.769230769230769,0,PJ,Serviços,BOL,GRANDE,13,0,2019-09-02
700955341024573089,75.0,0,PF,,YAHOO,GRANDE,60,0,2018-04-08
1071127366397407520,0.0,0,PJ,Indústria,GMAIL,MEDIO,98,0,2020-01-07
2983174282784691273,0.0,62,PJ,Indústria,GMAIL,GRANDE,75,6,2019-12-25
7640249903888628103,0.0,91,PJ,Indústria,GMAIL,MEDIO,68,9,2004-03-04
8376902089871279815,0.0,15,PJ,Serviços,YAHOO,MEDIO,18,1,2000-08-15
6721448955097663572,1.4925373134328357,82,PJ,Serviços,GMAIL,PEQUENO,57,8,2020-01-12
4110562609148185966,0.0,42,PF,,GMAIL,GRANDE,78,4,2000-08-15
1732933177229870014,79.16666666666666,11,PJ,Indústria,OUTLOOK,,69,1,2019-03-27
4395421876733405196,20.0,43,PJ,Serviços,HOTMAIL,GRANDE,86,4,2020-01-16
113538242419211987,0.0,44,PJ,Comércio,HOTMAIL,MEDIO,87,4,2019-06-20
4862285428951244424,0.0,42,PJ,Comércio,HOTMAIL,MEDIO,84,4,2014-03-19
4235751964155364215,0.0,14,PJ,Indústria,HOTMAIL,GRANDE,71,1,2019-03-13
3540559576342636557,100.0,0,PJ,Indústria,YAHOO,PEQUENO,21,0,2020-02-12
411246418132008456,0.0,19,PJ,Comércio,OUTLOOK,PEQUENO,13,1,2016-12-01
4850936440093751199,0.0,22,PJ,Indústria,GMAIL,GRANDE,28,2,2014-02-09
5055200744384119654,0.0,12,PJ,Serviços,YAHOO,PEQUENO,12,1,2019-11-12
4649044785270813165,0.0,71,PJ,,HOTMAIL,MEDIO,41,7,2019-03-14
8162017568751362437,0.0,0,PJ,Indústria,YAHOO,MEDIO,65,0,2019-09-20
1687017009357941608,0.0,92,PJ,,HOTMAIL,GRANDE,69,9,2007-06-11
1611146298923153842,0.0,93,PJ,Comércio,YAHOO,MEDIO,68,9,2020-01-16
43266641219008038,100.0,0,PJ,Serviços,GMAIL,GRANDE,36,0,2020-02-17
8163895533020293251,38.0,41,PJ,Serviços,GMAIL,MEDIO,80,4,2019-12-25
8919892162361650175,11.11111111111111,61,PJ,Serviços,AOL,GRANDE,70,6,2011-02-14
5114577082647278423,100.0,81,PJ,Comércio,GMAIL,MEDIO,55,8,2000-08-15
2459664758252154072,100.0,61,PJ,Comércio,HOTMAIL,PEQUENO,37,6,2018-01-25
6471448246085839373,0.0,47,PJ,Comércio,YAHOO,GRANDE,89,4,2019-11-24
2379038595596744457,75.0,0,PJ,Comércio,OUTLOOK,GRANDE,30,0,2015-12-29
209477776078372134,0.0,0,PJ,Serviços,AOL,GRANDE,86,0,2020-03-24
8464809590757561185,0.0,14,PJ,Serviços,AOL,MEDIO,17,1,2012-04-02
705648002974742140,14.285714285714285,67,PJ,Indústria,YAHOO,MEDIO,79,6,2020-01-26
3109771318936962520,0.0,0,PJ,Indústria,GMAIL,MEDIO,65,0,2020-03-02
2333404192508932057,0.0,67,PJ,Indústria,GMAIL,GRANDE,79,6,2016-02-15
525652670391923872,0.0,0,PJ,Indústria,GMAIL,GRANDE,91,5,2018-08-08
8174633018998080168,0.0,77,PJ,Serviços,HOTMAIL,PEQUENO,47,7,2019-11-03
7911162482760986289,11.76470588235294,11,PJ,Comércio,HOTMAIL,GRANDE,18,1,2020-02-17
1738460583932152602,50.0,41,PF,,YAHOO,MEDIO,81,4,2020-02-06
6373947691253940364,0.0,11,PJ,Serviços,GMAIL,MEDIO,13,1,2019-05-08
5282563463193783344,0.0,0,PF,,OUTLOOK,GRANDE,77,0,2019-10-29
6394935036014530592,0.0,31,PJ,Comércio,,GRANDE,34,3,2020-03-03
6885171468891031140,0.0,18,PJ,Comércio,YAHOO,MEDIO,19,1,2011-02-14
3536704882799524586,16.666666666666664,0,PJ,Indústria,GMAIL,,89,0,2020-04-28
7200509200540839533,0.0,32,PJ,Indústria,GMAIL,PEQUENO,36,3,2019-08-27
5714540197488862003,33.33333333333333,0,PJ,Indústria,HOTMAIL,MEDIO,45,0,2019-08-19
8873204832986811115,55.55555555555556,49,PJ,Serviços,,MEDIO,89,4,2016-04-27
8012945665375811304,0.0,62,PJ,Indústria,GMAIL,GRANDE,74,6,2009-05-05
2839700004795467658,0.0,0,PF,,YAHOO,MEDIO,73,0,2018-10-01
5162636608292907782,17.24137931034483,34,PJ,Comércio,GMAIL,GRANDE,38,3,2014-04-07
1467843186411742274,25.0,0,PJ,Serviços,GMAIL,MEDIO,72,0,2019-12-26
1825022747815271956,100.0,21,PJ,Indústria,HOTMAIL,GRANDE,27,2,2016-04-27
3365334263589180925,100.0,66,PF,,GMAIL,PEQUENO,78,6,2019-01-03
3492978633103560560,0.0,47,PJ,Indústria,HOTMAIL,MEDIO,88,4,2011-07-28
2929243640075785940,0.0,0,PJ,Comércio,GMAIL,GRANDE,63,0,2020-04-02
8907133353015280586,0.0,27,PJ,Comércio,OUTLOOK,GRANDE,29,2,2020-01-19
8986916198713650374,33.33333333333333,0,PJ,Serviços,GMAIL,MEDIO,64,0,2016-06-05
3536431875244944563,0.0,0,PJ,,GMAIL,GRANDE,96,0,2020-05-10
5304536516981778801,0.0,92,PJ,Indústria,,MEDIO,69,9,2020-02-04
5651190097741301133,0.0,66,PJ,Serviços,YAHOO,PEQUENO,78,6,2007-05-21
4170463992215954403,0.0,41,PJ,Serviços,HOTMAIL,MEDIO,81,4,2020-01-26
326257359176916767,0.0,83,PJ,Indústria,HOTMAIL,MEDIO,58,8,2019-09-02
7790849460101092738,100.0,44,PJ,Comércio,GMAIL,MEDIO,87,4,2017-10-30
8646086919778610813,0.0,61,PJ,Serviços,YAHOO,MEDIO,70,6,2020-03-24
3423512048884192208,0.0,0,PF,,GMAIL,GRANDE,38,0,2016-12-21
7060969657673447359,0.0,41,PJ,Comércio,OUTLOOK,MEDIO,80,4,2016-05-04
5036870533568879731,25.0,0,PJ,Indústria,HOTMAIL,MEDIO,78,6,2020-06-23
8774171337110190597,0.0,49,PJ,Indústria,GMAIL,MEDIO,89,4,2018-04-17
6810366761249506182,0.0,74,PJ,Serviços,YAHOO,GRANDE,46,7,2016-12-28
5951322986271477998,0.0,0,PJ,Serviços,OUTLOOK,MEDIO,37,0,2020-05-07
8464769152264029983,0.0,65,PF,,YAHOO,GRANDE,78,6,2017-07-19
4187591029730357479,0.0,0,PJ,Indústria,GMAIL,PEQUENO,78,0,2020-06-18
2166129906801669318,50.0,0,PJ,Indústria,YAHOO,MEDIO,72,0,2016-07-20
8049805689946244047,25.0,0,PJ,Serviços,YAHOO,MEDIO,66,0,2017-08-06
7708030042671632236,0.0,0,PJ,Comércio,HOTMAIL,,22,0,2019-03-06
1093053069479288753,0.0,0,PJ,Indústria,GMAIL,PEQUENO,68,0,2019-06-17
873223039957991123,0.0,0,PJ,Serviços,YAHOO,GRANDE,78,0,2019-06-02
8060154314331993193,0.0,0,PJ,Indústria,HOTMAIL,PEQUENO,13,0,2019-10-15
4641659186059167709,7.6923076923076925,62,PJ,Serviços,GMAIL,GRANDE,38,6,2017-08-06
6081226091774593903,0.0,0,PJ,Serviços,GMAIL,GRANDE,65,0,2018-12-03
956217406816925982,100.0,45,PJ,Serviços,AOL,MEDIO,85,4,2013-05-09
4604807967654337091,0.0,51,PJ,Comércio,GMAIL,PEQUENO,95,5,2017-08-06
9101617110967101591,0.0,35,PJ,Indústria,GMAIL,GRANDE,37,3,2020-01-02
1801648099512442340,66.66666666666666,0,PJ,Serviços,HOTMAIL,,32,0,2019-11-06
8745827224909388475,0.0,37,PJ,Serviços,AOL,PEQUENO,35,3,2019-03-12
6765961450216188291,0.0,41,PJ,Serviços,HOTMAIL,PEQUENO,83,4,2019-11-20
2444743522510084109,0.0,0,PJ,Comércio,HOTMAIL,GRANDE,73,0,2018-11-26
7038761645302069945,0.0,55,PJ,Comércio,YAHOO,MEDIO,48,5,2020-07-21
7529137091657891207,33.33333333333333,0,PJ,Comércio,YAHOO,GRANDE,38,0,2019-12-08
2988042199057874759,0.0,35,PJ,Serviços,HOTMAIL,MEDIO,37,3,2020-07-13
4165983075385227812,0.0,32,PJ,Comércio,YAHOO,MEDIO,36,3,2020-06-28
3408536439470975134,0.0,54,PJ,Indústria,AOL,PEQUENO,95,5,2006-07-10
1156053485989336481,10.81081081081081,31,PJ,Comércio,GMAIL,PEQUENO,30,3,2011-02-14
2446803760137518909,0.0,0,PJ,Serviços,GMAIL,MEDIO,68,0,2019-10-30
1329553496073467331,0.0,41,PJ,Indústria,YAHOO,GRANDE,83,4,2020-06-29
4541506527938763361,26.666666666666668,51,PJ,Serviços,YAHOO,MEDIO,95,5,2019-06-25
1594877745775952421,0.0,0,PJ,Comércio,GMAIL,PEQUENO,78,0,2020-02-05
8706851346184249504,0.0,33,PJ,Serviços,HOTMAIL,GRANDE,36,3,2000-08-15
4137237863152538907,83.33333333333334,0,PJ,Indústria,YAHOO,,14,0,2020-08-06
8603678028264007695,0.0,11,PJ,Serviços,YAHOO,MEDIO,42,1,2019-03-20
8463871205935856285,0.0,0,PJ,Serviços,HOTMAIL,GRANDE,99,0,2020-05-04
7999843484680834128,44.44444444444444,0,PJ,Serviços,YAHOO,MEDIO,56,0,2020-08-09
4052557282157719526,2.857142857142857,19,PJ,Comércio,GMAIL,MEDIO,13,1,2009-08-30
287529573188507001,0.0,48,PJ,Serviços,GMAIL,MEDIO,88,4,2019-05-01
5401282050253009067,0.0,0,PJ,Serviços,GMAIL,MEDIO,61,0,2018-04-16
3357976326879346012,15.0,0,PJ,Indústria,YAHOO,PEQUENO,68,0,2020-06-04
1931676870336388249,0.0,0,PF,,YAHOO,GRANDE,47,0,2015-10-05
3387580208304842365,0.0,0,PJ,Serviços,AOL,GRANDE,13,0,2020-06-02
89342157110910412,0.0,0,PJ,,AOL,GRANDE,25,0,2019-07-28
2549266739079962864,100.0,69,PF,,HOTMAIL,MEDIO,76,6,2016-02-03
1757249986361236700,0.0,14,PJ,Indústria,GMAIL,MEDIO,17,1,2012-09-27
864510931144626280,2.7777777777777777,0,PJ,Serviços,AOL,MEDIO,57,0,2004-08-23
1678680306005074426,0.0,28,PJ,Serviços,HOTMAIL,MEDIO,29,2,2020-06-30
9142266044170177362,0.0,11,PJ,Serviços,HOTMAIL,MEDIO,27,1,2020-08-06
191536915328669008,30.76923076923077,47,PJ,Serviços,HOTMAIL,MEDIO,89,4,2020-07-12
1432499644543625478,0.0,54,PF,,GMAIL,GRANDE,99,5,2019-12-11
4495596792165551705,0.0,0,PJ,Comércio,GMAIL,GRANDE,18,0,2020-06-18
1410427447068048908,0.0,14,PJ,Comércio,HOTMAIL,GRANDE,17,1,2020-01-16
165658847908185334,0.0,0,PJ,Comércio,GMAIL,PEQUENO,17,0,2020-01-21
1735718258017802778,0.0,0,PJ,Serviços,OUTLOOK,PEQUENO,13,0,2010-05-03
5757271354816214865,72.11538461538461,47,PJ,Comércio,GMAIL,MEDIO,88,4,2020-07-20
4888650984285190697,33.33333333333333,0,PJ,Comércio,,MEDIO,14,0,2020-03-30
901119221367843192,100.0,0,PJ,Indústria,AOL,GRANDE,85,4,2020-05-27
7215053254854713098,0.0,0,PJ,Comércio,GMAIL,GRANDE,63,0,2018-08-21
3685376304786338340,0.0,49,PJ,Comércio,GMAIL,GRANDE,89,4,2008-05-04
7138126049219817285,0.0,77,PJ,Serviços,HOTMAIL,MEDIO,45,7,2019-03-13
4660230701075746534,7.6923076923076925,41,PJ,Comércio,GMAIL,GRANDE,80,4,2020-06-29
3817166896467413658,0.0,27,PJ,Indústria,HOTMAIL,MEDIO,29,2,2019-03-14
8004521604421988528,6.976744186046512,31,PJ,Comércio,,GRANDE,35,3,2011-02-15
5901769182336230217,0.0,66,PF,,GMAIL,MEDIO,78,6,2016-05-11
340285351737204923,7.142857142857142,19,PJ,Indústria,HOTMAIL,MEDIO,13,1,2018-10-21
6636325081217917184,0.0,47,PJ,Comércio,GMAIL,GRANDE,88,4,2013-04-16
4950871361132426979,0.0,0,PF,,HOTMAIL,PEQUENO,38,0,2019-10-22
8612109591546880230,0.0,55,PJ,Comércio,HOTMAIL,MEDIO,98,5,2020-09-20
1675463974205444838,0.0,0,PJ,Comércio,YAHOO,PEQUENO,15,0,2020-02-06
3903290047715748290,100.0,0,PJ,Indústria,HOTMAIL,PEQUENO,0,0,2019-10-07
201407186688861102,100.0,19,PJ,Indústria,HOTMAIL,PEQUENO,13,1,2011-02-14
2772135008486239291,0.0,22,PJ,Comércio,BOL,MEDIO,27,2,2017-01-04
4018182555897034052,0.0,11,PJ,Serviços,YAHOO,PEQUENO,18,1,2017-12-27
7269781193318890653,0.0,34,PJ,Comércio,YAHOO,MEDIO,38,3,2000-08-15
2106875407768047316,0.0,0,PJ,Comércio,YAHOO,GRANDE,19,0,2018-04-15
8407417316873478459,0.0,47,PJ,Serviços,YAHOO,PEQUENO,89,4,2020-10-04
5672989126457116995,50.0,17,PF,,GMAIL,PEQUENO,78,1,2016-07-25
622073912578471754,30.76923076923077,0,PJ,Serviços,YAHOO,PEQUENO,68,0,2019-11-26
6682793026934039107,0.0,19,PJ,Comércio,,PEQUENO,13,1,2020-06-14
1827463638348028912,0.0,0,PJ,Indústria,GMAIL,MEDIO,30,0,2017-08-06
8994944800097997361,4.0,17,PJ,Comércio,BOL,GRANDE,15,1,2018-11-25
1717812527056208209,66.66666666666666,7,PJ,Serviços,GMAIL,PEQUENO,42,0,2002-07-01
2539677337815091585,0.0,0,PF,,YAHOO,PEQUENO,78,0,2020-08-30
209314261782935157,100.0,37,PJ,Serviços,GMAIL,GRANDE,35,3,2015-01-25
9175443729335908760,0.0,47,PJ,Indústria,,MEDIO,88,4,2019-03-14
2005542793747273676,100.0,62,PJ,Serviços,YAHOO,GRANDE,68,6,2017-02-01
7508699125755580600,62.5,0,PJ,Comércio,GMAIL,GRANDE,54,0,2020-08-20
7458891296671174680,33.33333333333333,67,PJ,Comércio,GMAIL,GRANDE,79,6,2008-06-16
2041629715337841430,0.0,0,PJ,Comércio,GMAIL,PEQUENO,98,0,2020-09-21
6875331984251208712,0.0,55,PF,,YAHOO,PEQUENO,98,5,2014-06-29
4704892067681576893,33.33333333333333,44,PJ,Indústria,YAHOO,MEDIO,87,4,2019-11-28
922040072471333951,0.0,77,PF,,OUTLOOK,PEQUENO,47,7,2014-10-07
7653720501687957310,0.0,21,PJ,Comércio,GMAIL,MEDIO,25,2,2014-10-16
4090195792518021727,0.0,81,PJ,Indústria,,GRANDE,55,8,2018-08-26
7692335720341018458,0.0,11,PJ,Indústria,YAHOO,MEDIO,13,1,2020-06-22
9089047150245738873,25.0,85,PJ,Indústria,HOTMAIL,MEDIO,61,8,2019-09-18
6724017568171288443,0.0,0,PJ,Indústria,GMAIL,,36,0,2017-08-06
603842189887755265,0.0,19,PF,,YAHOO,GRANDE,13,1,2000-08-15
3822753345985951756,0.0,51,PJ,Comércio,YAHOO,PEQUENO,90,5,2020-11-02
4900073965147412482,0.0,83,PJ,Comércio,OUTLOOK,GRANDE,58,8,2011-02-14
6080407793834027692,0.0,62,PJ,Indústria,YAHOO,GRANDE,75,6,2019-12-15
1106971614386004604,23.076923076923077,17,PJ,Serviços,GMAIL,MEDIO,15,1,2019-01-14
5558533999208199371,55.55555555555556,0,PJ,Comércio,HOTMAIL,MEDIO,45,0,2020-04-05
1207306324957395736,66.66666666666666,0,PJ,Indústria,GMAIL,,25,0,2020-10-18
2599553738202677545,0.0,0,PJ,Serviços,GMAIL,GRANDE,13,0,2020-01-27
5429414161455643517,0.0,51,PJ,Serviços,YAHOO,MEDIO,93,5,2019-10-02
3361278050140871809,25.0,0,PJ,Comércio,OUTLOOK,MEDIO,57,0,2018-11-04
8385636129786687263,0.0,33,PJ,Comércio,YAHOO,MEDIO,98,3,2000-08-15
1767360303789815418,0.0,0,PJ,Serviços,OUTLOOK,MEDIO,29,0,2017-08-06
6053752047545474051,0.0,11,PJ,Indústria,YAHOO,MEDIO,47,1,2019-03-19
4762256864594914240,0.0,41,PJ,Comércio,GMAIL,MEDIO,83,4,2020-07-20
8564920972266217847,0.0,0,PJ,Indústria,YAHOO,GRANDE,87,4,2000-08-15
7712263029835111826,0.0,77,PJ,Serviços,YAHOO,MEDIO,47,7,2006-08-08
7566385399893520673,25.0,19,PJ,Indústria,YAHOO,PEQUENO,72,1,2020-11-05
3132055906825373580,100.0,0,PJ,Serviços,HOTMAIL,PEQUENO,13,4,2020-11-18
4068666180981979477,100.0,41,PJ,Indústria,YAHOO,GRANDE,79,4,2012-08-28
238894451665334246,0.0,0,PJ,Serviços,YAHOO,MEDIO,29,0,2014-08-21
1269153452773908541,0.0,41,PJ,Comércio,GMAIL,GRANDE,85,4,2020-11-02
3450495264591833682,0.0,0,PF,,HOTMAIL,PEQUENO,78,0,2020-03-24
486388963980110890,100.0,0,PJ,Comércio,GMAIL,,88,0,2020-09-15
5220554216423337036,100.0,66,PJ,Comércio,HOTMAIL,GRANDE,78,6,2014-03-11
6715993871935527857,50.0,55,PJ,Comércio,HOTMAIL,,97,5,2004-05-04
5993832136957065909,0.0,0,PJ,Indústria,GMAIL,PEQUENO,14,0,2020-01-22
2870813069335519467,0.0,75,PJ,Comércio,GMAIL,PEQUENO,48,7,2017-04-27
5430917218683822543,7.142857142857142,0,PJ,Comércio,GMAIL,PEQUENO,69,9,2020-12-14
271068078606473697,0.0,0,PJ,Serviços,BOL,PEQUENO,25,2,2000-08-15
6448234172949059931,0.0,0,PF,,BOL,GRANDE,34,0,2020-07-07
8652067663586525909,0.0,0,PJ,Serviços,YAHOO,PEQUENO,30,1,2020-12-03
3731278848600349375,0.0,85,PJ,Comércio,GMAIL,MEDIO,62,8,2014-02-25
2423803834856770113,0.0,0,PJ,Serviços,YAHOO,GRANDE,38,0,2019-10-24
6462952350255736003,0.0,31,PJ,Comércio,YAHOO,MEDIO,37,3,2021-01-18
8046603633355514834,0.0,16,PJ,Serviços,YAHOO,MEDIO,15,1,2015-09-02
3415156360538677905,0.0,0,PJ,Comércio,,PEQUENO,13,0,2020-10-28
5477523784812182605,42.857142857142854,19,PJ,Indústria,HOTMAIL,PEQUENO,61,1,2021-01-24
6842075380768862290,0.0,35,PJ,Comércio,GMAIL,MEDIO,36,3,2018-01-16
6795171082935774137,0.0,0,PJ,Serviços,GMAIL,MEDIO,96,5,2021-01-18
6421017287702264778,0.0,16,PJ,,HOTMAIL,GRANDE,13,1,2019-10-29
6528158819463595826,0.0,47,PJ,Serviços,YAHOO,MEDIO,89,4,2020-10-05
3750579377644235511,20.0,0,PJ,Indústria,YAHOO,GRANDE,45,0,2020-11-17
1059336566956767188,0.0,0,PJ,Comércio,YAHOO,MEDIO,14,0,2017-08-06
1788369195969129749,0.0,16,PJ,Serviços,HOTMAIL,MEDIO,14,1,2017-08-06
5555695998591488407,100.0,0,PJ,Serviços,HOTMAIL,MEDIO,69,1,2021-02-03
2059309318145911751,0.0,35,PJ,Comércio,GMAIL,MEDIO,37,3,2020-08-03
531805620371082364,11.538461538461538,88,PJ,Serviços,GMAIL,PEQUENO,62,8,2013-12-03
6352592240901579272,0.0,16,PJ,Comércio,GMAIL,GRANDE,13,1,2019-10-29
5139850575056151339,0.0,66,PF,,HOTMAIL,GRANDE,78,6,2012-10-31
1692423451726508456,0.0,67,PJ,Serviços,BOL,GRANDE,79,6,2019-12-02
1516155138233618514,0.0,0,PJ,Comércio,HOTMAIL,PEQUENO,43,1,2021-01-19
1219954496802643881,0.0,49,PJ,Serviços,GMAIL,GRANDE,89,4,2009-12-28
15070048310374146,25.0,0,PJ,Indústria,GMAIL,MEDIO,76,0,2019-09-03
1601160766132778339,0.0,0,PF,,HOTMAIL,GRANDE,78,0,2020-07-09
3283662016127058429,0.0,0,PJ,Indústria,HOTMAIL,MEDIO,37,3,2020-11-19
2648719990986789645,0.0,66,PF,,HOTMAIL,,78,6,2015-11-11
7243481239733221490,0.0,54,PJ,Comércio,HOTMAIL,GRANDE,99,5,2021-02-22
6342056159430364821,50.0,54,PJ,Comércio,YAHOO,GRANDE,89,5,2021-01-24
7327315935390503674,100.0,0,PJ,Comércio,GMAIL,MEDIO,45,0,2004-10-27
4296149971687628223,0.0,0,PJ,Indústria,BOL,PEQUENO,88,0,2019-01-20
8067924767167570288,0.0,0,PJ,Serviços,HOTMAIL,PEQUENO,68,0,2020-09-02
1378864119919978132,0.0,34,PJ,Indústria,HOTMAIL,PEQUENO,38,3,2006-04-23
4717717003637613480,0.0,0,PJ,Serviços,YAHOO,GRANDE,54,0,2020-03-29
6804531608440296645,50.0,0,PJ,Comércio,HOTMAIL,MEDIO,41,1,2020-12-01
4781265535199914934,0.0,0,PJ,Indústria,YAHOO,GRANDE,62,8,2021-02-14
5078284853636449041,0.0,31,PJ,Comércio,YAHOO,GRANDE,32,3,2020-12-03
3391123212703223634,0.0,41,PJ,,HOTMAIL,MEDIO,80,4,2018-03-07
8566162039485478772,0.0,0,PF,,HOTMAIL,PEQUENO,78,6,2018-12-03
7754936094607992857,0.0,0,PJ,Serviços,YAHOO,PEQUENO,64,0,2019-07-07
196947474368876692,0.0,0,PF,,HOTMAIL,MEDIO,38,0,2020-10-20
7875766506153682421,0.0,0,PJ,Serviços,GMAIL,GRANDE,97,5,2020-12-06
2907396925798983079,0.0,51,PJ,Comércio,HOTMAIL,GRANDE,93,5,2011-02-14
3960251564708868781,0.0,0,PJ,Serviços,HOTMAIL,GRANDE,19,0,2020-02-27
7221446976321358973,0.0,35,PJ,Serviços,BOL,GRANDE,33,3,2021-03-29
3427563561570116931,0.0,0,PJ,Comércio,,MEDIO,17,1,2017-08-06
7828430488099134389,50.0,11,PJ,Indústria,GMAIL,MEDIO,13,1,2020-08-30
6145308913889808258,62.5,43,PJ,Indústria,GMAIL,GRANDE,86,4,2020-06-18
4392369075438855735,0.0,0,PJ,Serviços,AOL,PEQUENO,68,1,2021-01-12
7944852965555666513,0.0,63,PJ,Indústria,YAHOO,PEQUENO,68,6,2014-02-04
8182741324402757500,0.0,35,PJ,Comércio,YAHOO,GRANDE,37,3,2020-08-03
7397206777205091443,0.0,0,PJ,Serviços,OUTLOOK,GRANDE,53,8,2021-01-24
3812760626052898456,0.0,0,PJ,Serviços,GMAIL,MEDIO,69,9,2021-02-09
3516294920850464913,0.0,21,PJ,Comércio,YAHOO,GRANDE,22,2,2002-06-16
2308217045093677129,0.0,71,PJ,Serviços,OUTLOOK,GRANDE,45,7,2020-09-02
2780030912070252968,0.0,31,PJ,Comércio,,MEDIO,37,3,2021-01-21
1044946691507317745,0.0,19,PJ,Serviços,GMAIL,GRANDE,13,1,2020-08-05
7236776406341522879,0.0,0,PJ,Indústria,HOTMAIL,GRANDE,84,4,2020-12-14
1574054842704135993,0.0,12,PJ,Comércio,GMAIL,PEQUENO,12,1,2020-05-13
5790563179715256679,0.0,91,PJ,Indústria,HOTMAIL,GRANDE,66,9,2016-07-26
8222831719332844924,0.0,0,PJ,Serviços,YAHOO,,18,1,2021-04-13
1945147145527703963,0.0,0,PJ,Serviços,YAHOO,GRANDE,95,1,2021-03-21
1712483726555581515,0.0,22,PJ,Comércio,YAHOO,MEDIO,28,2,2000-08-15
4432551314797496562,100.0,0,PJ,Serviços,GMAIL,MEDIO,87,1,2021-05-13
3421433989501830226,20.0,0,PJ,Serviços,YAHOO,PEQUENO,59,8,2021-04-22
904857901361577913,0.0,65,PJ,Serviços,YAHOO,MEDIO,78,6,2015-04-01
1028630885537616736,0.0,28,PJ,Indústria,YAHOO,PEQUENO,29,2,2017-08-09
5101193702106031363,0.0,0,PJ,Indústria,GMAIL,GRANDE,14,1,2014-11-05
1399527202590905286,0.0,0,PJ,Indústria,YAHOO,MEDIO,59,0,2004-09-23
1153069952490761717,0.0,11,PJ,Comércio,HOTMAIL,GRANDE,62,1,2000-08-15
1674864668198542837,0.0,41,PJ,Indústria,HOTMAIL,MEDIO,81,4,2020-07-26
6722781660631652440,0.0,75,PJ,Comércio,YAHOO,PEQUENO,44,7,2020-07-21
5162621729453966204,0.0,0,PJ,Indústria,YAHOO,GRANDE,88,1,2021-04-05
378019466331075421,100.0,0,PJ,Serviços,YAHOO,PEQUENO,64,0,2021-02-04
4828882959520364399,0.0,0,PJ,Indústria,GMAIL,GRANDE,19,0,2021-02-04
351358693430833867,0.0,11,PJ,Serviços,YAHOO,MEDIO,14,1,2011-10-02
466076526172225947,100.0,0,PF,,YAHOO,PEQUENO,29,1,2020-01-12
7347753999527316260,100.0,0,PF,,HOTMAIL,MEDIO,14,0,2000-08-15
2377020220794016532,0.0,19,PJ,Serviços,GMAIL,PEQUENO,13,1,2011-02-14
345033315379741874,0.0,0,PJ,Comércio,AOL,GRANDE,12,0,2016-01-26
6055278873962623670,0.0,0,PJ,Serviços,HOTMAIL,PEQUENO,32,1,2021-02-03
2726314736140152277,100.0,0,PF,,HOTMAIL,MEDIO,18,4,2021-03-28
8680213253228719510,0.0,0,PJ,Comércio,OUTLOOK,GRANDE,13,0,2020-06-23
819552547620904652,0.0,19,PJ,Indústria,AOL,PEQUENO,35,1,2021-03-07
7692330898726665144,0.0,0,PJ,Comércio,HOTMAIL,PEQUENO,73,6,2021-06-01
7206599058451025691,0.0,0,PJ,Comércio,YAHOO,PEQUENO,79,0,2020-01-07
9099218788416728596,100.0,0,PJ,Indústria,GMAIL,MEDIO,50,1,2021-04-12
1420529738304793615,0.0,0,PJ,Indústria,GMAIL,PEQUENO,77,0,2020-10-28
6061850657256270336,0.0,0,PJ,Serviços,GMAIL,PEQUENO,20,1,2021-05-16
5220206408301580591,0.0,19,PJ,Indústria,GMAIL,GRANDE,25,1,2021-04-08
8736788139020105764,100.0,0,PJ,Serviços,HOTMAIL,MEDIO,13,0,2021-02-04
3148228961195376491,0.0,0,PJ,Comércio,BOL,MEDIO,36,0,2015-12-13
2439954154030259398,0.0,0,PJ,Indústria,BOL,PEQUENO,13,0,2019-07-02
4799794458216343260,0.0,19,PJ,Indústria,OUTLOOK,MEDIO,20,1,2019-12-30
1246864346193559124,0.0,0,PJ,Indústria,YAHOO,,83,4,2021-05-06
